,0,1,2,3,4,5,6,7,8,9
0,1,1,1,1,1,1,1,1,1,1
332,1,1,1,1,1,1,1,1,1,1
319,1,1,1,1,1,1,1,1,1,1
1174,1,1,1,1,1,1,1,1,1,1
308,1,1,1,1,1,1,1,1,1,1
1181,1,1,1,1,1,1,1,1,1,1
1198,1,1,1,1,1,1,1,1,1,1
285,1,1,1,1,1,1,1,1,1,1
1249,1,1,1,1,1,1,1,1,1,1
1264,1,1,1,1,1,1,1,1,1,1
244,1,1,1,1,1,1,1,1,1,1
1317,1,1,1,1,1,1,1,1,1,1
1332,1,1,1,1,1,1,1,1,1,1
1165,1,1,1,1,1,1,1,1,1,1
205,1,1,1,1,1,1,1,1,1,1
1362,1,1,1,1,1,1,1,1,1,1
182,1,1,1,1,1,1,1,1,1,1
1413,1,1,1,1,1,1,1,1,1,1
163,1,1,1,1,1,1,1,1,1,1
1418,1,1,1,1,1,1,1,1,1,1
154,1,1,1,1,1,1,1,1,1,1
1479,1,1,1,1,1,1,1,1,1,1
1490,1,1,1,1,1,1,1,1,1,1
117,1,1,1,1,1,1,1,1,1,1
1505,1,1,1,1,1,1,1,1,1,1
1510,1,1,1,1,1,1,1,1,1,1
96,1,1,1,1,1,1,1,1,1,1
1355,1,1,1,1,1,1,1,1,1,1
1138,1,1,1,1,1,1,1,1,1,1
368,1,1,1,1,1,1,1,1,1,1
1115,1,1,1,1,1,1,1,1,1,1
728,1,1,1,1,1,1,1,1,1,1
753,1,1,1,1,1,1,1,1,1,1
656,1,1,1,1,1,1,1,1,1,1
770,1,1,1,1,1,1,1,1,1,1
639,1,1,1,1,1,1,1,1,1,1
807,1,1,1,1,1,1,1,1,1,1
822,1,1,1,1,1,1,1,1,1,1
841,1,1,1,1,1,1,1,1,1,1
860,1,1,1,1,1,1,1,1,1,1
572,1,1,1,1,1,1,1,1,1,1
887,1,1,1,1,1,1,1,1,1,1
545,1,1,1,1,1,1,1,1,1,1
910,1,1,1,1,1,1,1,1,1,1
915,1,1,1,1,1,1,1,1,1,1
526,1,1,1,1,1,1,1,1,1,1
940,1,1,1,1,1,1,1,1,1,1
497,1,1,1,1,1,1,1,1,1,1
1003,1,1,1,1,1,1,1,1,1,1
1028,1,1,1,1,1,1,1,1,1,1
474,1,1,1,1,1,1,1,1,1,1
1047,1,1,1,1,1,1,1,1,1,1
445,1,1,1,1,1,1,1,1,1,1
1066,1,1,1,1,1,1,1,1,1,1
1085,1,1,1,1,1,1,1,1,1,1
406,1,1,1,1,1,1,1,1,1,1
1100,1,1,1,1,1,1,1,1,1,1
385,1,1,1,1,1,1,1,1,1,1
1553,1,1,1,1,1,1,1,1,1,1
1570,1,1,1,1,1,1,1,1,1,1
349,1,1,1,1,1,1,1,1,1,1
1618,1,1,1,1,1,1,1,1,1,1
17,1,1,1,1,1,1,1,1,1,1
34,1,1,1,1,1,1,1,1,1,1
47,1,1,1,1,1,1,1,1,1,1
1595,1,1,1,1,1,1,1,1,1,1
707,1,1,1,1,1,1,1,1,1,1
1571,1,1,1,1,2,1,1,1,1,1
1250,0,2,2,2,0,0,0,0,0,0
1200,2,1,1,1,1,1,1,1,1,1
1199,0,1,1,1,1,1,1,1,2,1
286,1,1,1,2,2,1,2,0,0,1
287,1,1,1,1,1,1,1,1,1,1
823,1,1,1,2,2,1,1,1,0,1
1183,2,1,1,1,1,1,1,1,1,1
1182,1,1,1,1,1,1,1,1,1,1
36,2,1,1,2,1,1,1,0,0,0
35,2,1,1,1,1,1,1,0,2,1
309,2,1,0,0,1,0,1,0,0,0
310,2,1,1,2,1,1,1,0,2,1
1176,1,1,1,1,1,1,1,1,1,1
1175,1,1,1,1,1,1,1,1,1,1
320,1,1,0,1,1,0,1,1,0,0
321,1,1,1,2,0,1,1,0,1,1
1167,2,1,1,1,1,1,1,1,1,1
333,2,1,1,0,1,0,1,1,1,1
334,0,0,1,1,2,0,0,2,0,0
1166,1,1,1,1,1,1,1,1,1,1
842,2,1,0,2,1,1,1,2,2,1
1251,0,1,1,2,0,0,0,0,0,0
809,1,1,1,2,1,1,1,2,1,1
808,1,1,0,1,1,1,1,0,1,0
1265,0,1,1,2,2,1,0,2,2,1
48,1,1,1,1,1,1,1,1,1,1
658,1,1,1,1,1,1,1,1,1,1
657,1,1,1,1,1,1,1,2,1,1
183,0,1,0,1,0,0,1,0,1,1
184,0,1,1,1,1,1,1,1,1,1
1364,1,1,1,1,1,1,1,1,1,1
1363,1,1,1,1,1,1,1,1,1,1
1357,2,1,0,0,1,0,1,0,0,0
1356,2,1,0,0,1,1,1,0,0,0
206,2,1,1,2,1,1,1,1,1,1
843,1,1,1,1,0,1,1,1,1,1
207,1,1,1,1,1,1,1,1,1,1
772,1,1,1,1,1,1,1,0,1,1
1334,1,1,1,1,1,1,1,1,1,1
1333,1,1,1,1,1,1,1,1,1,1
641,2,1,1,1,1,1,1,2,2,1
1319,1,1,1,1,1,1,1,1,1,1
1318,2,1,1,2,2,1,1,1,0,1
640,1,1,1,1,1,1,1,1,1,1
245,1,1,1,1,1,1,1,0,1,1
246,1,1,1,1,1,1,1,1,1,1
1266,1,1,0,1,1,1,1,1,0,1
771,1,1,1,1,1,1,1,0,1,1
708,1,1,1,1,1,1,1,1,1,1
350,0,2,2,0,0,0,2,1,2,1
351,1,1,1,1,1,1,1,1,1,1
447,1,1,1,1,1,1,1,1,1,1
1049,1,1,1,1,2,1,1,1,2,1
1048,1,1,1,2,1,1,1,1,1,1
1030,1,1,1,1,0,1,1,1,1,1
1029,1,1,2,0,1,1,1,1,0,1
475,0,1,0,0,0,0,1,1,2,2
476,1,1,1,1,1,0,1,0,1,1
19,2,1,0,1,1,1,1,0,0,0
547,1,1,1,1,1,0,1,0,1,1
546,1,1,1,1,1,1,1,0,0,1
446,1,1,1,1,0,1,1,1,1,1
1005,1,1,1,1,1,1,1,1,1,1
18,2,1,1,0,1,0,1,1,1,1
498,2,1,2,0,1,0,1,1,0,1
499,1,1,1,0,1,0,1,1,0,1
911,2,1,0,0,1,0,1,0,2,1
912,1,1,1,0,1,0,1,1,1,1
942,1,1,1,1,1,1,1,1,1,1
941,1,1,1,1,1,1,1,1,1,1
916,1,1,0,0,1,0,1,0,1,1
917,1,1,0,0,1,0,1,0,0,0
528,1,1,1,1,1,1,1,2,2,1
1004,1,1,1,1,1,1,1,1,1,1
1414,1,2,1,1,2,1,2,2,0,1
889,1,1,1,2,1,1,1,1,1,1
1067,1,1,1,1,1,1,1,1,1,1
1140,1,1,1,2,1,1,2,1,1,1
1139,1,1,1,2,1,1,2,1,1,1
369,1,1,1,1,1,1,1,1,1,1
370,0,2,0,0,0,0,0,0,2,1
1117,1,1,1,1,1,1,1,1,1,1
1116,1,1,1,1,1,1,1,1,1,1
1572,0,1,0,0,0,0,0,1,0,1
1619,1,1,1,1,1,1,1,1,1,1
386,1,1,1,1,1,1,1,1,1,1
387,1,1,2,2,0,1,1,1,1,1
888,1,1,1,1,1,1,1,1,1,1
861,1,1,1,1,1,1,1,1,1,1
1102,1,1,1,1,1,0,1,1,1,1
1101,1,1,0,1,1,0,1,0,0,1
1620,1,1,1,1,1,1,1,1,1,1
407,1,1,1,1,1,1,1,1,1,1
408,1,1,1,1,1,1,1,1,1,1
574,1,1,1,1,1,1,1,1,1,1
573,1,1,1,1,1,1,1,1,1,1
1087,2,1,2,2,1,1,1,2,2,1
1086,2,1,2,1,2,1,1,1,0,1
1068,0,1,1,1,1,1,1,0,2,1
862,1,1,1,1,1,1,1,1,1,1
1415,2,1,1,2,0,1,0,2,2,1
824,2,1,0,0,1,0,1,0,0,0
119,1,1,1,1,1,1,1,0,0,1
155,1,1,1,2,1,1,1,1,0,0
755,1,1,1,0,1,0,1,1,0,1
754,1,1,1,1,1,0,1,1,1,1
2,1,1,1,1,1,1,1,1,2,1
1480,2,0,1,1,0,2,0,2,2,1
1481,1,2,2,2,1,1,2,2,0,1
1491,2,1,1,2,2,1,2,0,0,1
1492,2,1,1,2,2,1,2,0,0,1
118,1,1,1,1,1,1,1,1,1,1
1597,0,0,1,0,1,1,2,2,0,1
1506,2,1,0,2,0,0,1,2,0,1
1507,0,1,1,1,1,1,1,1,1,1
1596,2,1,0,0,0,0,0,1,2,1
98,2,1,1,1,1,1,1,1,1,1
97,1,1,1,1,1,1,1,1,0,1
1511,1,1,1,1,1,1,1,1,1,1
1512,1,1,1,1,1,1,1,1,1,1
730,1,1,1,1,1,1,1,2,2,1
729,0,1,1,2,2,1,1,2,1,1
1,1,1,1,2,1,1,2,1,2,1
1554,0,1,1,2,2,1,2,2,2,1
1555,2,1,1,2,2,1,2,1,2,1
709,1,1,1,1,1,1,1,2,2,1
156,1,1,2,2,2,1,1,1,0,1
1420,1,1,1,1,2,1,1,1,1,1
527,2,1,1,0,1,1,1,1,2,1
165,2,1,1,1,1,1,1,1,0,1
49,1,1,1,1,1,1,1,1,0,1
164,1,1,0,2,1,1,1,0,0,0
1419,1,1,1,1,2,1,1,1,1,1
99,1,1,1,1,1,1,1,1,0,1
100,1,1,1,1,1,0,1,2,0,1
1621,1,1,1,1,1,1,1,1,1,1
577,1,1,1,1,1,1,1,1,1,1
578,1,1,1,0,1,1,1,2,2,1
101,2,1,1,2,1,1,1,2,2,1
409,1,1,1,1,1,1,1,1,1,1
102,2,1,0,0,1,0,1,0,0,0
1103,1,1,0,1,1,0,1,0,0,1
1104,2,1,0,0,1,0,1,0,0,0
1105,1,1,0,1,1,0,1,1,1,1
1106,1,1,1,1,0,0,1,0,1,1
864,1,1,1,2,1,1,1,2,2,1
410,1,1,1,1,1,1,1,1,1,1
411,1,1,1,1,0,1,1,0,1,1
412,1,1,1,1,1,1,1,1,1,1
576,1,1,1,1,1,1,1,1,1,1
575,1,1,1,1,1,1,1,1,1,1
3,2,1,1,2,2,1,2,0,2,1
1091,2,1,2,2,1,1,1,2,2,1
1090,2,1,2,2,1,1,1,2,2,1
1089,2,1,2,1,2,1,1,2,0,1
1088,2,1,2,1,2,1,2,0,0,1
1573,1,1,1,1,2,1,1,1,1,1
1622,1,1,1,1,1,1,1,1,1,1
865,1,1,1,2,1,1,1,1,1,1
866,0,1,1,1,0,1,1,2,1,1
1072,0,1,1,1,0,1,1,0,2,1
1071,0,1,1,2,2,1,1,0,2,1
863,2,0,0,0,1,0,0,0,0,0
1509,0,1,1,1,1,1,1,0,0,1
391,1,1,2,2,0,1,1,1,1,1
1070,2,1,1,2,1,1,1,1,2,1
120,1,1,1,1,1,1,1,1,1,1
169,2,1,1,2,1,1,1,1,0,1
185,0,2,0,1,0,0,0,0,2,1
1598,2,0,0,0,0,0,0,0,2,1
352,0,2,2,0,0,0,2,1,2,1
353,0,2,2,0,0,0,2,1,2,1
354,2,1,0,0,1,0,1,0,0,0
355,0,1,1,2,2,1,1,1,2,1
1144,2,1,1,2,2,1,2,2,1,1
1143,0,1,2,2,0,1,2,0,0,0
1142,1,1,2,2,0,1,2,1,0,1
1141,2,1,1,2,1,1,2,2,2,1
1361,2,1,0,0,1,0,1,0,0,0
845,2,1,0,2,0,1,0,2,2,1
846,1,1,1,2,0,1,1,1,2,1
847,0,2,1,0,0,1,2,2,0,1
734,1,1,1,2,1,1,1,2,2,1
390,1,1,2,2,0,1,1,1,1,1
389,1,1,1,1,1,0,1,2,2,1
388,2,1,0,2,1,1,1,1,1,1
1574,0,1,1,1,2,1,1,2,2,1
1417,2,1,1,2,0,1,0,2,2,1
731,0,1,1,2,2,1,1,2,0,1
1508,0,1,1,1,2,1,1,2,1,1
732,0,1,1,2,2,1,1,2,1,1
1118,1,1,1,1,1,1,1,1,1,1
1119,1,1,1,1,1,1,1,1,1,1
1120,1,1,1,1,1,1,1,1,1,1
1121,2,1,1,1,1,1,1,1,1,1
372,1,1,0,0,1,1,1,0,0,1
371,1,1,1,1,1,1,1,1,1,1
733,1,0,0,0,1,1,1,2,2,1
1069,0,1,0,1,0,1,0,1,0,1
1360,2,1,0,0,1,0,1,0,0,0
1513,1,1,1,1,1,1,1,1,1,1
1008,1,1,1,1,1,1,1,2,1,1
1007,1,1,1,0,1,0,1,0,1,1
1006,1,1,1,1,1,1,1,1,1,1
167,2,1,0,2,1,0,1,0,0,0
1556,0,1,1,2,2,1,2,2,2,1
1557,0,1,1,2,2,1,2,2,2,1
1576,0,0,0,0,0,0,0,1,0,1
1558,2,1,2,2,2,1,2,2,2,1
1559,2,1,1,2,2,1,2,1,2,1
500,2,1,2,0,1,0,2,1,0,1
501,1,1,1,0,1,0,1,1,0,1
913,0,1,1,0,2,0,1,2,2,1
914,2,1,0,0,1,0,1,0,0,0
946,1,1,1,1,1,1,1,1,1,1
945,1,1,1,1,1,1,1,1,1,1
944,0,1,1,2,0,1,1,0,1,2
943,2,1,1,0,1,0,1,1,2,1
919,2,1,0,0,1,0,1,0,0,1
920,1,1,0,0,1,0,1,0,0,0
921,1,1,0,0,1,0,1,0,0,0
168,2,1,0,1,1,1,1,2,0,1
529,2,1,2,0,2,1,1,2,2,1
530,2,1,1,0,1,0,0,0,2,1
1009,2,1,0,0,1,0,1,0,0,0
531,1,1,1,0,1,1,1,2,2,1
918,0,0,0,0,0,0,0,0,2,1
710,1,1,1,1,1,1,1,1,0,1
711,0,1,1,1,1,1,1,1,2,1
1623,1,1,1,1,1,1,1,0,1,1
712,2,0,1,2,1,1,1,2,2,1
713,0,1,1,0,1,1,1,2,2,1
532,1,1,1,1,1,1,1,2,2,1
166,0,1,0,2,0,1,1,0,0,0
548,1,1,1,1,1,1,1,0,0,1
549,1,1,0,1,1,0,1,0,0,1
893,1,1,1,2,1,1,1,2,1,1
892,1,2,1,2,0,1,0,1,0,2
451,1,1,1,1,1,0,1,1,1,1
450,1,1,1,1,2,1,1,0,0,1
449,1,1,1,1,0,0,1,2,0,1
448,1,1,1,1,0,1,1,1,1,1
1053,1,1,1,1,2,1,2,1,2,1
659,1,1,1,1,2,1,1,2,2,1
22,2,1,0,1,1,1,1,0,0,0
891,1,1,1,1,1,0,1,0,1,1
890,0,1,1,2,1,1,1,1,0,0
1515,1,1,1,1,1,1,1,1,1,1
1514,1,1,1,1,1,1,1,1,1,1
23,2,1,0,0,1,0,1,0,0,0
1516,1,1,1,1,1,1,1,1,1,1
121,1,1,1,1,1,1,1,1,1,1
1052,2,1,1,0,2,1,1,0,2,1
1050,1,1,1,2,1,1,1,1,1,1
480,1,1,1,1,1,0,1,0,1,1
479,1,1,1,1,0,0,1,0,1,1
478,0,1,0,0,0,0,0,2,2,2
477,0,1,0,0,0,0,1,0,2,2
20,2,1,2,0,1,0,1,1,2,1
1031,0,1,2,0,1,1,1,1,0,0
1051,1,1,1,2,1,1,1,2,1,1
1032,1,1,2,0,1,1,1,1,0,1
1034,2,1,0,2,0,1,1,2,2,1
550,1,1,1,1,1,0,1,0,0,1
551,1,1,1,1,1,0,1,0,1,1
21,2,1,1,0,1,0,1,2,1,0
661,0,1,0,0,1,1,1,1,1,1
660,0,1,1,1,1,1,1,2,1,1
1033,1,1,1,1,0,1,1,1,0,1
338,0,0,1,1,2,0,0,2,0,0
844,2,1,0,2,1,1,1,2,2,1
336,2,1,2,0,1,0,1,1,1,1
1366,1,1,1,1,1,1,1,1,1,1
6,0,1,1,2,2,1,2,2,2,1
40,2,1,0,2,1,1,1,0,0,0
1365,0,1,2,2,2,1,1,0,1,1
756,1,1,1,1,1,0,1,1,1,1
1267,0,1,2,2,2,1,0,2,2,1
1367,1,1,1,1,1,1,1,1,1,1
1268,0,2,1,2,2,1,0,2,2,1
249,1,1,1,1,1,1,1,1,1,1
248,1,1,1,1,1,1,1,0,1,1
247,2,1,0,0,1,0,1,0,0,0
757,1,1,1,1,0,0,1,2,0,1
758,1,1,1,0,2,0,1,2,0,1
1269,2,1,0,2,1,1,1,1,0,1
250,1,1,1,1,1,0,1,0,1,1
1270,1,1,0,0,0,0,1,1,0,1
810,1,1,0,0,1,0,1,0,0,0
1255,0,1,2,2,0,0,0,0,0,0
1482,2,0,2,1,0,2,0,2,2,1
188,0,1,0,0,0,0,1,0,0,0
1201,0,0,0,0,0,1,0,1,2,1
1202,0,1,1,2,2,1,1,2,2,1
1203,2,1,1,2,0,1,1,2,2,1
1204,2,1,1,1,1,1,1,1,1,1
811,2,1,0,1,1,1,1,0,1,0
813,2,1,1,2,1,1,1,2,2,1
39,2,1,1,2,1,1,1,0,0,0
1368,1,1,1,1,1,1,1,1,2,1
52,1,1,1,1,1,1,1,1,0,0
1252,0,2,2,2,0,0,0,0,0,0
1253,0,2,2,2,0,0,0,0,0,0
1254,0,1,1,2,0,0,0,0,0,0
337,0,0,0,1,2,0,0,2,0,0
38,2,1,1,2,1,1,1,0,2,1
776,1,1,1,1,1,0,1,0,1,1
774,1,1,1,1,1,1,1,0,1,1
51,1,1,1,1,1,1,1,1,1,1
50,2,1,0,1,1,0,1,0,0,0
4,0,0,1,2,1,1,2,2,2,1
211,1,1,1,2,1,1,1,1,1,1
210,1,1,1,0,0,0,1,1,1,1
209,2,1,1,2,1,1,1,2,1,1
773,1,1,1,1,0,0,1,0,1,1
208,2,1,1,2,1,1,1,1,1,1
1601,0,0,0,0,2,1,2,2,0,1
1600,0,0,1,0,1,1,2,2,0,0
158,1,1,1,2,1,1,1,1,0,0
1599,2,1,0,0,0,0,0,2,2,1
1358,2,1,0,0,1,1,1,0,0,0
1359,2,1,0,0,1,0,1,0,0,0
157,1,1,0,2,1,1,1,0,0,0
775,1,1,1,1,1,1,1,0,1,1
1338,1,1,1,1,1,1,1,1,1,1
1336,1,1,1,1,1,1,1,2,1,1
5,2,1,2,0,0,1,0,0,2,1
759,1,1,1,0,1,0,1,1,0,1
662,1,1,1,1,1,1,1,1,1,1
1424,0,1,1,2,2,1,1,1,1,1
1320,1,1,1,1,1,1,1,1,1,1
1321,1,1,1,1,1,1,1,1,1,1
1337,1,1,1,1,1,1,1,0,1,1
1423,2,1,1,1,2,1,1,2,1,1
643,1,1,1,2,1,1,1,2,2,1
644,2,1,1,1,0,1,1,2,2,1
645,2,1,1,1,2,1,2,2,2,1
1422,2,1,1,1,2,1,2,1,2,1
1421,1,1,1,2,2,1,1,1,1,1
1335,1,1,1,1,1,1,1,1,1,1
642,1,1,1,1,1,1,1,1,1,1
1483,2,0,1,1,0,2,0,2,2,1
812,1,1,1,2,1,1,1,2,0,1
288,1,1,1,2,2,1,2,0,0,1
53,2,1,1,0,1,0,1,0,0,1
187,0,1,1,1,1,1,1,1,1,1
311,2,1,1,2,1,1,1,0,2,1
312,2,2,1,2,1,1,0,0,2,1
1178,1,1,1,1,1,1,1,1,1,1
1177,1,1,1,1,1,1,1,1,1,1
186,0,1,0,0,0,0,1,0,1,2
1484,1,2,2,2,2,1,2,2,0,1
1493,2,1,1,2,2,1,2,0,0,1
1575,0,1,0,0,0,0,0,1,0,1
826,0,1,2,2,2,1,1,1,0,1
827,2,1,0,0,1,0,1,0,0,0
1494,2,0,1,2,2,1,2,0,0,1
1495,2,1,1,2,2,1,2,0,0,1
322,2,1,0,0,1,0,1,0,0,0
323,1,1,0,1,1,0,1,1,0,0
324,0,1,0,2,0,1,1,0,0,0
325,1,1,1,2,0,1,1,0,2,1
828,2,1,0,0,1,0,1,0,0,0
1171,2,1,1,1,1,1,1,1,2,1
1170,2,1,1,1,1,1,1,2,1,1
1169,1,1,1,1,1,1,1,1,1,1
1168,1,1,1,1,1,1,1,0,1,1
1496,2,1,2,2,2,1,2,0,0,1
123,1,1,1,1,1,1,1,0,0,1
122,1,1,1,0,1,0,1,0,0,1
335,2,1,0,0,1,0,1,0,0,0
1179,1,1,1,1,1,1,1,1,1,1
1180,1,1,1,1,1,1,1,0,0,1
1416,2,1,1,2,0,1,0,2,2,1
1187,2,1,1,0,0,1,1,0,0,0
37,2,1,1,0,1,0,1,0,2,1
1184,0,1,1,1,1,1,1,1,1,1
1485,1,2,2,2,0,1,2,2,0,1
1185,1,1,1,1,1,1,1,1,0,1
1624,1,1,1,1,1,1,1,1,1,1
1186,2,1,1,2,1,1,1,1,1,1
825,1,1,1,2,2,1,1,0,0,1
289,1,1,1,2,2,1,2,0,0,1
290,1,1,1,1,1,1,1,0,1,1
291,1,1,1,1,1,1,1,1,2,1
1626,1,1,1,1,1,1,1,2,1,1
821,2,1,1,2,1,1,1,2,2,1
819,1,1,1,2,0,1,1,2,0,1
818,2,1,1,2,1,1,1,2,0,1
817,2,1,0,0,1,0,1,0,2,0
1630,1,1,1,1,1,1,1,0,1,1
737,0,1,1,2,2,1,1,2,1,1
901,2,1,1,2,1,1,1,2,2,1
900,0,1,1,2,0,1,1,2,0,0
736,0,1,1,2,2,1,1,2,0,1
816,2,1,0,2,1,1,1,0,0,0
815,0,1,0,0,0,0,1,0,0,0
814,2,1,0,0,1,0,1,0,0,0
1632,2,1,1,2,1,1,1,0,0,1
715,1,1,1,1,2,1,1,1,0,1
714,2,1,1,1,1,1,1,1,0,1
738,0,1,1,2,2,1,1,2,0,1
1629,2,1,1,1,1,1,1,0,1,1
830,1,1,1,2,2,1,1,0,0,1
832,0,1,2,2,2,1,1,1,0,1
833,2,1,0,0,1,0,1,0,0,0
834,2,1,0,0,1,0,1,0,0,0
835,2,1,0,0,1,0,1,0,0,0
762,1,1,1,0,2,0,1,2,0,1
763,1,1,1,0,2,0,1,2,0,1
836,2,1,0,0,1,0,1,0,0,0
1631,1,1,1,1,1,1,1,1,1,1
829,1,1,1,2,2,1,1,0,0,1
764,1,1,1,0,0,0,1,2,0,1
765,2,1,0,0,1,0,1,0,0,1
848,2,1,0,2,1,1,1,2,2,1
760,1,1,1,0,0,0,1,2,1,1
1625,2,1,1,1,1,1,1,1,1,1
820,2,1,2,2,1,1,1,2,2,1
849,2,1,0,2,1,1,1,2,2,1
716,0,1,1,1,2,1,1,2,2,1
1627,1,1,1,2,1,1,1,1,1,1
897,1,1,1,1,1,0,1,0,1,1
896,2,1,1,1,1,0,1,0,1,1
895,0,1,1,2,1,1,1,2,0,0
852,1,1,1,2,0,1,1,1,2,1
853,1,1,1,2,0,1,1,0,2,1
854,0,2,1,0,0,1,2,2,0,1
894,0,1,2,2,0,1,1,1,0,0
898,1,2,2,2,0,1,0,1,0,2
855,0,2,1,0,0,1,2,2,0,1
782,1,1,1,1,0,0,1,0,1,1
783,1,1,1,1,1,0,1,0,1,1
784,1,1,1,1,1,0,1,0,1,1
1628,2,1,0,0,1,0,1,0,2,1
740,1,0,0,0,1,1,1,2,2,1
741,1,1,1,2,1,1,1,2,2,1
742,1,1,1,2,1,1,1,2,2,1
739,1,0,0,0,1,1,1,2,2,1
899,1,2,0,2,0,1,0,0,0,2
781,1,1,1,1,1,1,1,0,1,1
872,0,1,1,0,0,0,1,2,0,1
850,2,1,0,2,0,1,0,2,2,1
735,0,1,1,2,2,1,0,2,0,1
867,2,2,0,2,1,1,2,2,2,1
717,0,0,0,0,1,0,0,0,2,1
868,1,1,2,2,1,1,1,2,2,1
869,0,1,0,2,2,1,2,1,0,1
851,2,1,0,2,0,1,0,2,2,1
761,1,1,1,1,1,0,1,1,1,1
870,2,1,1,2,1,1,1,2,1,1
719,2,0,0,2,1,1,1,2,2,1
777,1,1,1,1,0,0,1,0,1,1
720,0,1,1,0,1,1,1,2,2,1
721,0,1,2,0,1,1,1,2,2,1
778,1,1,1,1,0,0,1,0,1,1
779,1,1,1,1,1,1,1,0,1,1
871,0,1,1,2,0,1,1,2,2,1
718,2,0,2,2,1,1,1,2,2,1
780,1,1,1,1,0,0,1,0,1,1
1112,2,1,0,1,0,0,1,0,0,0
923,0,0,0,0,0,0,0,0,2,1
1277,1,1,0,0,0,0,1,2,0,1
1278,2,1,0,0,0,0,2,0,0,1
1603,2,0,0,0,0,0,0,0,2,1
1322,2,1,1,2,0,0,1,2,1,1
1323,1,1,1,1,1,1,1,1,1,1
1324,1,1,1,2,1,1,1,1,1,1
1325,1,1,1,1,1,1,1,1,1,1
1602,2,0,0,0,0,0,0,0,2,1
1339,1,1,1,1,1,1,1,1,1,1
1340,1,1,1,1,1,1,1,2,1,1
1341,1,1,1,1,1,1,1,2,1,1
1342,1,1,1,1,1,1,1,2,1,1
1343,1,0,1,1,1,1,1,0,1,1
1344,1,1,1,1,1,1,1,0,1,1
1345,1,1,1,1,1,1,1,1,1,1
1346,1,1,1,1,1,1,1,1,1,1
1369,0,1,2,2,2,1,2,0,2,1
1276,2,1,0,2,2,1,1,1,0,1
1275,2,1,0,2,1,1,0,1,0,1
1274,0,2,1,2,2,1,0,2,2,1
1273,0,2,1,2,2,1,0,2,2,1
1206,0,0,0,0,0,1,0,0,2,1
1207,0,1,1,2,2,1,1,2,2,1
1208,0,1,1,2,2,1,2,2,2,1
1209,2,1,1,2,0,1,1,2,2,1
1210,2,1,1,2,0,1,1,2,2,1
1211,2,1,1,2,1,1,1,1,0,1
1212,2,0,0,0,2,1,2,0,1,1
1256,0,2,2,2,0,0,0,0,0,0
1370,0,1,2,2,2,1,1,0,1,1
1257,0,2,2,2,0,0,0,0,0,0
1259,0,2,2,2,0,0,0,0,0,0
1260,0,1,1,2,0,0,0,0,0,0
1261,0,1,1,2,0,0,0,0,0,0
1262,0,1,2,2,0,0,0,0,0,0
1263,0,1,2,2,0,0,0,0,0,0
1604,2,1,0,0,0,0,0,2,2,1
1271,0,1,2,2,2,1,0,2,2,1
1272,0,1,2,2,2,1,0,2,2,1
1258,0,2,2,2,0,0,0,0,0,0
1205,0,0,0,0,0,0,0,2,2,1
1371,1,1,1,1,1,1,1,0,1,1
1373,1,1,1,1,1,1,1,1,1,1
1504,2,1,2,2,2,1,2,0,0,1
1517,1,1,1,1,1,1,1,1,1,1
1518,1,1,1,1,1,1,1,1,1,1
1519,1,1,1,1,1,1,1,1,1,1
1520,1,1,1,1,1,1,1,1,1,1
1521,1,1,1,1,1,1,1,1,1,1
1522,1,1,1,1,1,1,1,1,1,1
1523,1,1,1,1,1,1,1,1,1,1
1524,1,1,1,1,1,1,1,1,1,1
1580,0,1,1,1,2,1,1,2,2,1
1560,0,1,1,2,2,1,2,2,2,1
1561,0,1,1,2,2,1,2,2,2,1
1562,0,1,1,2,2,1,2,2,2,1
1563,0,1,1,2,2,1,2,2,2,1
1564,2,1,1,2,2,1,2,0,2,1
1565,2,1,1,2,2,1,2,2,2,1
1579,0,1,1,1,2,1,1,2,2,1
1503,2,1,2,2,2,1,2,0,0,1
1502,2,1,0,2,2,1,2,0,0,1
1501,2,1,1,2,2,1,2,0,0,1
1500,2,0,1,2,2,1,2,0,0,1
1374,1,1,1,1,1,1,1,1,1,1
1375,1,1,1,1,1,1,1,1,2,1
1376,1,1,1,2,2,1,2,1,2,1
1425,0,1,1,2,2,1,1,2,2,1
1426,2,2,2,2,2,1,2,0,0,0
1427,2,1,1,1,2,1,2,1,2,1
1428,2,1,2,1,2,1,2,2,2,1
1429,2,1,1,0,2,1,1,2,0,1
1372,2,1,1,1,1,1,1,2,2,1
1430,2,1,1,2,2,1,2,2,2,1
1432,0,1,1,2,2,1,1,1,1,1
1486,2,0,2,1,0,2,0,2,2,1
1487,2,0,2,1,0,2,0,2,2,1
1488,1,2,2,2,2,1,2,2,0,1
1489,1,2,2,2,2,1,2,2,0,1
1497,2,1,2,2,2,1,2,0,0,1
1498,2,1,0,2,2,1,2,0,0,1
1499,2,0,2,2,2,1,2,0,0,1
1431,0,0,1,2,2,1,1,0,0,0
922,0,0,0,0,0,0,0,0,2,1
1193,2,1,1,0,0,1,1,0,0,0
1191,2,1,1,2,1,1,1,1,2,1
1037,1,1,1,1,0,0,1,2,0,1
1038,0,1,1,1,0,1,1,1,0,1
1039,2,1,0,2,0,1,1,2,2,1
1040,2,1,0,2,0,1,1,2,2,1
1054,1,1,1,2,0,0,1,0,1,1
1055,1,1,1,2,1,1,1,2,1,1
1056,0,1,1,2,1,1,1,2,1,1
1057,1,1,1,2,1,1,1,2,1,1
1058,2,1,1,0,2,1,1,0,2,1
1059,2,1,1,0,2,1,1,0,2,1
1060,1,1,1,1,2,1,2,0,2,1
1061,1,1,1,1,2,1,2,1,2,1
1073,0,1,0,1,0,0,0,1,0,1
1074,0,2,0,1,0,1,0,2,0,1
1075,2,1,2,2,2,1,1,0,2,1
1076,2,2,0,2,0,1,1,2,2,1
1077,0,1,1,2,2,1,0,0,2,1
1036,1,1,2,0,1,1,1,1,0,1
1035,1,1,2,0,1,1,1,1,0,0
1015,1,1,1,1,1,1,1,2,1,1
1014,1,1,1,1,0,0,1,2,1,1
924,2,1,0,0,1,0,1,0,0,0
925,2,1,0,0,1,0,1,0,0,1
926,2,1,0,0,1,0,1,0,0,0
927,1,1,0,0,1,0,1,0,0,0
928,2,1,0,0,1,0,1,0,0,0
929,0,1,0,0,0,0,1,0,0,0
947,2,1,1,0,1,0,1,0,2,1
948,2,1,0,0,1,0,1,2,2,1
1078,0,1,1,2,2,1,1,0,2,1
949,0,1,1,2,0,1,1,0,1,2
951,1,1,1,1,1,0,1,1,1,1
952,1,1,1,2,1,1,1,1,2,1
953,2,1,1,1,1,1,1,1,1,1
954,1,1,2,1,1,1,1,1,1,1
1010,2,1,1,1,1,0,1,2,2,1
1011,1,1,1,2,2,1,1,0,0,0
1012,1,1,1,0,1,0,1,0,1,1
1013,2,1,0,0,1,0,1,0,0,0
950,0,1,1,2,0,1,1,0,1,2
1192,2,1,1,0,0,1,1,0,0,0
1079,0,1,0,0,0,1,1,0,2,1
1092,2,1,2,1,2,1,2,0,0,1
1608,0,0,0,0,2,1,2,2,0,1
1145,2,1,1,2,0,1,2,2,2,1
1146,2,1,1,2,2,1,2,2,2,1
1147,1,1,2,2,0,1,2,0,0,1
1148,0,1,2,2,0,1,2,2,0,1
1149,0,1,2,2,0,1,2,0,0,0
1150,0,1,2,2,0,1,2,0,0,0
1151,2,1,1,2,2,1,2,2,1,1
1152,2,1,1,2,2,1,2,2,1,1
1607,0,0,0,0,2,1,2,2,0,0
1606,0,0,1,0,0,1,2,2,0,0
1172,2,1,1,1,1,1,1,2,1,1
1605,2,1,0,0,0,0,0,2,2,1
1173,2,1,1,1,1,1,1,2,1,1
1188,1,1,1,1,1,1,1,1,0,1
1189,1,1,1,1,1,1,1,1,0,1
1190,2,1,1,2,2,1,1,2,0,1
1127,2,1,1,1,1,1,1,1,1,1
1126,2,1,1,1,1,1,1,1,1,1
1125,1,1,1,1,1,1,1,1,1,1
1124,1,1,1,1,1,1,1,1,1,1
1093,2,1,2,1,2,1,2,0,0,1
1094,2,1,2,1,2,1,1,2,0,1
1095,2,1,2,1,2,1,1,2,0,1
1096,2,1,2,2,1,1,1,2,2,1
1097,2,1,2,2,1,1,1,2,2,1
1098,2,1,2,2,1,1,1,2,2,1
1099,2,1,2,2,1,1,1,2,2,1
1107,0,1,0,1,0,0,1,0,0,1
1080,0,1,1,2,0,1,1,0,2,1
1108,2,1,0,1,1,0,1,0,0,0
1110,2,1,0,0,1,0,1,0,0,0
1111,1,1,0,1,2,0,1,2,2,1
1113,1,1,1,1,0,0,1,0,0,1
1114,1,1,1,1,0,0,1,0,2,1
1578,1,2,1,1,2,1,1,1,2,1
1122,1,1,1,1,1,1,1,1,1,1
1609,0,0,0,0,2,1,2,2,0,1
1123,1,1,1,1,1,1,1,1,1,1
1109,2,1,0,0,1,0,1,0,0,0
1577,1,1,1,0,2,1,0,0,1,1
831,0,1,2,2,2,1,1,1,0,1
456,1,1,1,1,2,0,1,0,0,1
252,1,1,1,1,1,1,1,0,0,1
253,1,1,1,1,1,1,1,0,1,1
254,1,1,1,1,1,1,1,1,2,1
255,1,1,1,1,0,0,1,0,1,1
256,1,1,1,1,1,0,1,0,1,1
357,0,2,2,0,0,0,2,1,2,1
356,0,2,2,0,0,0,2,1,2,1
586,1,1,1,0,1,1,1,2,2,1
585,1,1,1,0,1,1,1,2,2,1
584,1,1,0,0,1,0,0,0,0,0
251,1,1,1,1,1,1,1,0,1,1
344,0,0,1,1,2,0,0,2,0,0
342,0,0,0,1,2,0,0,2,0,0
583,1,1,1,2,1,1,1,1,1,1
582,1,1,1,1,1,1,1,1,1,1
581,1,1,1,1,1,1,1,1,1,1
580,1,1,1,1,1,1,1,1,1,1
579,1,1,1,1,1,1,1,1,1,1
341,0,0,0,1,2,0,0,2,0,0
131,2,1,1,1,1,1,1,0,0,0
130,1,1,1,1,1,0,1,0,0,1
129,0,1,1,0,2,0,1,0,0,1
343,0,0,1,1,2,0,0,2,0,0
128,2,1,1,0,1,0,1,0,0,1
358,0,2,2,0,0,0,2,1,2,1
360,2,1,0,0,1,0,1,0,0,0
160,1,1,0,2,2,1,1,0,0,0
159,2,1,0,2,1,1,1,0,0,0
483,0,1,0,0,0,0,0,2,2,2
484,0,0,0,0,0,0,0,2,2,2
485,1,1,0,1,0,0,1,0,1,1
486,1,1,1,1,0,0,1,0,1,1
487,1,1,1,1,1,0,1,0,1,1
488,1,1,1,1,0,0,1,0,1,1
29,2,1,0,2,1,1,1,0,0,0
363,0,1,2,2,2,1,1,1,2,1
359,0,2,2,0,0,0,2,1,2,1
41,2,1,1,2,1,1,1,0,2,1
297,1,1,1,1,1,1,1,0,2,1
44,2,1,0,2,1,1,1,0,0,0
45,2,1,0,2,1,1,1,0,0,0
46,2,1,0,2,1,1,1,0,0,0
54,2,1,0,0,1,0,1,0,0,0
55,2,1,0,1,1,0,1,0,0,0
56,2,1,1,1,1,1,1,1,1,1
57,1,1,1,1,1,1,1,1,0,0
362,0,1,0,2,2,1,1,2,2,1
361,2,1,0,0,1,0,1,0,0,0
42,2,1,1,2,1,1,1,0,2,1
127,2,2,1,2,1,1,1,1,0,1
126,1,1,1,1,1,0,1,1,1,1
125,2,1,1,1,1,1,1,2,1,1
534,2,1,2,0,2,1,2,2,2,1
533,2,1,2,0,2,1,1,2,2,1
502,2,1,2,0,1,0,2,1,0,1
503,2,0,2,0,1,0,2,1,0,1
504,2,1,1,0,1,0,1,1,0,0
505,0,1,0,0,2,0,1,0,0,1
108,2,1,0,2,1,1,1,2,2,1
107,2,1,1,2,1,1,1,2,2,1
58,0,1,1,1,1,1,1,1,0,0
59,2,1,2,1,1,0,1,1,0,0
535,2,1,1,0,1,0,0,0,2,1
60,2,1,1,0,1,0,1,0,0,0
106,1,1,1,0,0,0,1,2,0,1
105,0,0,0,1,2,0,0,2,0,1
104,2,1,2,1,1,2,1,1,0,1
103,1,1,0,1,1,1,1,1,0,1
292,1,1,1,2,2,1,2,0,0,1
299,1,1,1,1,1,1,1,1,2,1
293,1,1,1,2,2,1,2,0,0,1
294,1,1,1,2,2,1,2,0,0,1
295,1,1,1,2,2,1,2,0,0,1
296,1,1,0,1,0,1,1,0,0,1
61,2,2,1,0,1,0,0,0,0,1
536,2,1,1,0,1,0,0,0,2,1
537,1,1,1,0,1,1,2,2,2,1
538,1,1,1,0,1,1,1,2,2,1
124,1,1,1,1,1,0,1,0,1,1
340,2,1,2,0,1,0,1,1,2,1
339,2,1,2,0,1,0,1,1,0,0
331,1,1,1,2,0,1,1,0,2,1
330,1,1,1,2,0,1,1,0,2,1
329,2,1,0,0,1,0,1,0,0,0
559,1,1,1,1,0,0,1,0,1,1
558,2,1,1,1,1,0,1,0,0,0
557,1,1,1,1,1,0,1,0,0,1
556,1,1,0,1,0,0,1,0,0,0
555,1,1,0,1,1,0,1,0,0,1
554,2,1,0,0,1,0,1,0,0,0
553,1,1,1,1,1,1,1,0,0,1
552,2,1,1,1,1,0,1,0,0,0
328,1,1,0,1,0,0,1,1,0,0
327,2,1,0,0,1,0,1,0,0,0
326,2,1,0,0,1,0,1,0,0,0
316,2,2,1,2,1,1,0,0,2,1
315,2,2,1,2,1,1,0,0,2,1
314,2,1,1,2,1,1,1,0,2,1
313,2,1,0,2,1,1,1,0,2,1
540,1,1,1,1,1,1,1,2,2,1
539,0,1,1,1,1,1,1,2,2,1
28,2,1,0,0,1,0,1,0,0,0
27,2,1,0,0,1,0,1,2,0,0
43,2,1,1,2,1,1,1,0,0,0
25,2,1,2,0,1,0,1,1,2,1
414,1,1,1,1,1,1,1,1,1,1
413,1,1,1,1,0,0,1,0,0,0
397,1,1,2,2,0,1,1,1,1,1
396,1,1,2,2,0,1,1,1,1,1
395,1,1,1,1,2,0,1,2,2,1
212,2,1,1,2,1,1,1,1,1,1
213,2,1,1,2,1,1,1,2,0,1
668,1,1,1,2,1,1,1,2,1,1
667,1,1,1,1,2,1,1,1,1,1
415,1,1,1,2,2,1,1,1,0,1
666,0,1,0,0,1,1,1,1,2,1
26,2,1,1,0,1,0,1,2,1,0
664,0,1,1,1,0,1,1,2,2,1
663,0,1,1,1,1,1,1,2,1,1
214,2,1,1,2,1,1,1,2,2,1
215,2,1,1,2,1,1,1,2,0,1
653,2,2,1,1,2,1,2,2,2,1
652,2,1,1,1,2,1,2,2,2,1
651,2,1,1,1,0,1,1,2,2,1
650,2,1,1,1,0,1,2,2,2,1
665,0,0,0,0,1,1,1,1,1,1
459,1,1,1,1,1,0,1,1,1,1
458,1,1,1,0,0,0,1,2,1,1
196,0,1,0,0,0,0,1,0,0,0
173,2,1,1,2,1,1,1,0,0,1
172,2,1,1,2,1,1,1,2,0,1
171,2,1,0,2,1,1,1,2,0,1
170,2,1,0,1,1,1,1,2,0,1
420,1,1,1,1,1,1,1,1,2,1
419,1,1,1,1,1,1,1,0,1,0
418,1,1,1,2,0,1,1,0,2,1
417,1,1,0,0,0,0,1,0,0,0
452,0,1,1,1,0,0,1,2,1,1
453,1,1,1,2,0,1,1,0,0,0
454,1,1,1,1,0,0,1,2,0,1
455,1,1,1,1,0,0,1,2,0,1
416,1,1,1,1,1,0,1,1,1,1
457,0,1,1,1,2,1,1,0,0,1
189,0,2,0,1,0,0,0,0,2,1
190,0,2,0,1,0,0,0,0,2,1
191,0,1,0,0,0,0,1,0,1,2
192,0,1,0,0,0,0,1,0,1,2
193,0,1,1,1,1,1,1,1,1,1
194,0,1,2,1,2,0,1,1,2,1
195,0,1,0,0,0,0,1,0,0,0
216,1,1,1,0,0,0,1,2,2,1
217,1,1,1,0,0,0,1,1,0,1
298,1,1,1,1,1,1,1,1,2,1
219,1,1,1,2,0,1,1,2,2,1
8,2,1,1,2,2,1,2,0,2,1
9,0,0,1,2,2,1,2,2,2,1
10,0,0,1,2,0,1,2,2,2,1
11,2,1,2,0,0,1,0,0,2,1
218,1,1,1,2,1,1,1,1,1,1
481,0,1,0,0,0,0,0,0,2,2
7,2,1,1,2,2,1,2,0,2,1
376,2,1,0,0,1,0,1,0,0,1
374,2,1,0,2,1,1,1,0,0,0
373,1,1,1,1,1,0,1,1,1,1
482,0,0,0,0,0,0,1,0,2,2
162,1,1,0,2,1,1,1,2,0,0
161,1,1,2,2,2,1,1,1,0,0
24,2,1,2,0,1,0,1,1,2,1
375,1,1,0,0,1,1,1,0,0,0
392,2,1,0,2,1,1,1,2,1,1
12,2,1,2,0,0,1,0,0,2,1
393,2,1,0,2,1,1,1,0,1,1
646,2,1,1,1,2,1,1,2,2,1
394,1,1,1,0,0,0,1,2,2,1
647,1,1,1,2,0,0,1,0,0,1
649,2,1,1,2,1,1,2,2,2,1
648,0,1,1,2,0,1,1,2,2,1
365,0,1,0,2,2,1,1,2,2,0
366,0,1,2,2,2,1,1,1,2,1
367,0,1,2,2,2,1,1,1,2,1
303,1,1,1,1,1,1,1,0,2,1
1160,0,1,2,2,0,1,2,0,0,0
364,0,1,0,2,2,1,1,2,2,1
1128,1,1,1,1,1,1,1,0,0,1
1129,1,1,1,1,1,1,1,1,1,1
377,2,1,0,1,1,0,1,2,0,1
421,2,1,0,1,0,0,1,0,0,0
422,1,1,1,1,0,0,1,0,0,0
423,2,1,1,1,1,0,1,0,1,1
424,1,1,1,2,1,1,1,1,2,1
345,2,1,2,0,1,0,1,1,0,0
346,2,1,2,0,1,0,1,1,0,0
347,2,1,2,0,1,0,1,1,2,0
348,2,1,2,0,1,0,1,1,2,1
428,2,1,1,1,1,0,1,1,2,1
300,1,1,0,2,0,0,0,0,0,1
301,2,1,0,0,0,1,2,0,0,1
302,1,1,1,1,1,1,1,0,2,1
427,1,1,1,1,0,0,1,2,0,1
426,0,1,0,2,2,1,1,0,0,0
425,1,1,1,2,2,1,1,1,0,1
1081,0,2,0,1,0,0,0,2,0,1
1082,0,1,0,1,0,0,0,0,0,0
1083,0,2,0,1,0,1,0,2,0,1
1084,0,2,0,1,0,1,0,2,0,1
378,0,1,2,1,2,0,1,1,2,1
304,1,1,1,1,1,1,1,1,2,1
307,1,1,1,1,1,1,1,1,2,1
1159,0,1,2,2,0,1,2,0,0,0
398,2,1,0,2,1,1,1,2,2,1
1527,1,1,1,1,1,1,1,1,2,1
1164,2,1,1,2,2,1,2,2,1,1
1163,2,1,1,2,2,0,2,2,0,1
1526,1,1,1,1,1,1,1,2,1,1
1525,1,1,1,1,1,1,1,1,1,1
399,2,1,0,2,1,1,1,2,1,1
1153,2,1,1,2,0,1,2,2,2,1
1155,2,1,1,2,2,1,2,2,2,1
1156,2,1,1,2,2,1,2,2,2,1
1157,1,1,2,2,0,1,2,0,0,1
384,2,1,0,0,1,0,1,0,0,1
1158,1,1,2,2,0,1,2,0,0,1
1161,2,1,1,2,2,1,2,2,1,1
1154,2,1,1,2,0,1,2,2,2,1
306,1,1,1,1,1,1,1,1,2,1
400,2,1,0,2,1,1,1,0,1,1
402,1,1,1,0,0,0,1,2,2,1
379,2,1,0,2,1,1,1,0,0,0
380,2,1,0,2,1,0,1,0,0,0
381,2,1,0,0,1,1,1,0,0,0
317,2,2,1,2,1,1,0,0,2,1
318,2,2,1,2,1,1,0,0,2,1
382,0,1,0,0,0,0,1,0,0,0
401,2,1,0,2,1,1,1,0,1,1
383,2,1,0,0,1,0,1,0,0,1
1131,2,1,1,1,1,1,1,1,1,1
1132,2,1,1,1,1,1,1,1,1,1
1133,2,1,1,1,1,1,1,1,1,1
405,1,1,1,1,2,0,1,2,2,1
404,1,1,1,1,2,0,1,2,2,1
403,1,1,1,0,0,0,1,2,2,1
1130,2,1,1,1,1,1,1,1,1,1
1162,2,1,1,2,2,1,2,2,1,1
1225,2,1,1,2,1,1,0,1,0,1
1195,1,1,1,1,2,1,1,1,0,1
1349,1,1,1,1,1,1,1,2,1,1
1348,1,1,1,1,1,1,1,1,1,1
1347,1,1,1,1,1,1,1,1,1,1
203,0,1,2,1,2,0,1,1,2,1
204,0,1,2,1,2,0,1,1,2,1
220,2,1,2,2,1,1,1,1,2,1
221,2,1,1,2,1,1,1,1,1,1
222,2,1,1,2,1,1,1,2,0,1
223,2,1,1,2,1,1,1,2,0,1
224,2,1,1,2,2,1,1,2,2,1
1331,1,1,1,1,1,1,1,1,1,1
1330,1,1,1,1,1,1,1,1,1,1
1329,1,1,1,1,1,1,1,1,1,1
1350,1,1,1,1,1,1,1,2,1,1
1328,1,1,1,1,1,1,1,1,0,1
1326,2,1,1,2,0,0,1,2,1,1
225,2,1,1,2,1,1,1,2,2,1
226,2,1,1,2,1,1,1,2,0,1
227,2,1,1,2,1,1,1,2,0,1
228,1,1,1,0,0,0,1,2,2,1
229,1,1,1,0,0,0,1,2,2,1
230,1,1,1,0,0,0,1,2,0,1
231,1,1,0,0,0,0,1,0,0,1
232,1,1,1,2,1,1,1,2,2,1
233,2,1,0,2,1,1,1,0,0,0
145,2,1,0,0,1,0,1,0,0,0
144,2,1,1,2,1,1,1,0,0,0
143,1,1,1,1,0,0,1,0,0,1
1327,2,1,1,2,0,0,1,2,1,1
1351,1,1,1,1,1,1,1,2,1,1
1352,1,1,1,1,1,1,1,2,1,1
1353,1,1,1,1,1,1,1,1,1,1
1390,0,1,0,1,1,1,1,1,2,1
1389,1,1,1,1,1,1,1,2,2,1
1388,1,1,1,1,1,1,1,2,2,1
1387,1,1,1,1,2,1,1,1,0,1
1386,2,1,1,0,0,0,0,0,0,0
1385,1,1,1,2,1,1,1,1,1,1
1384,2,1,1,1,1,1,1,2,2,1
1383,2,1,1,1,1,1,1,2,2,1
1382,2,1,1,0,1,1,1,0,0,1
1381,0,1,1,1,1,1,1,0,1,1
1380,0,1,2,2,2,1,1,0,1,1
1379,0,1,2,2,2,1,1,0,2,1
1378,0,1,2,2,2,1,2,0,2,1
1377,0,1,2,2,2,1,2,0,2,1
174,2,1,0,0,1,1,1,2,0,0
175,2,1,0,2,1,1,1,2,0,1
176,2,1,0,2,1,1,1,2,0,1
177,2,1,0,2,1,1,1,2,0,1
178,2,1,1,2,1,1,1,2,0,1
179,2,1,1,2,1,1,1,2,0,1
180,2,1,1,2,1,1,1,0,0,1
181,2,1,1,2,1,1,1,0,0,1
197,0,2,0,1,0,0,0,0,2,1
198,0,2,0,1,0,0,0,0,2,1
199,0,2,0,1,0,0,0,0,2,1
200,0,2,0,1,0,0,0,0,2,1
201,0,1,0,2,1,1,1,0,0,0
202,0,1,2,1,2,0,1,1,2,1
1354,1,1,1,1,1,1,1,1,1,1
142,2,1,0,0,1,0,1,0,0,0
1194,1,1,1,0,1,1,1,1,0,1
1433,2,1,1,1,2,1,2,1,2,1
1435,2,1,1,0,2,1,1,2,0,1
133,1,1,1,1,1,0,1,0,0,1
132,1,1,1,1,0,0,1,0,1,1
1228,2,0,0,0,2,1,2,0,2,1
1227,2,0,0,0,2,1,2,0,0,0
1226,2,1,1,2,2,1,1,2,0,1
429,1,1,1,2,0,1,1,0,2,1
1224,2,1,1,2,0,1,1,2,2,1
1223,2,1,1,2,0,1,1,2,2,1
1222,2,1,1,2,0,1,1,2,2,1
1221,2,1,1,2,0,1,1,2,2,1
1220,0,1,1,2,2,1,2,2,2,1
1219,0,1,1,2,2,1,2,2,2,1
1218,0,1,1,2,2,1,1,2,2,1
134,2,1,1,1,1,0,1,2,2,1
1217,0,1,1,2,2,1,1,2,2,1
1215,0,0,0,0,0,1,0,0,2,1
1214,0,0,0,0,0,0,0,2,2,1
1213,0,0,0,0,0,0,0,2,2,1
116,2,1,0,2,1,1,1,2,2,1
115,2,1,0,2,1,1,1,2,2,1
114,2,1,1,2,1,1,1,2,2,1
113,2,1,0,2,2,1,1,2,2,1
112,1,1,1,0,0,0,1,2,0,1
111,1,1,1,0,0,0,1,2,0,1
110,1,1,0,1,0,2,1,1,0,1
109,2,1,0,0,1,0,1,1,0,0
1197,1,1,1,1,1,1,1,1,0,1
1196,1,1,1,1,1,1,1,1,0,1
1216,0,0,0,0,0,1,0,0,2,1
135,2,1,1,2,1,1,1,2,0,1
136,1,1,1,1,0,0,1,1,1,1
137,2,1,1,1,1,0,1,2,1,1
1436,2,1,1,0,2,1,1,2,0,1
1437,2,2,1,2,2,1,2,2,2,1
1438,2,1,1,2,2,1,2,2,2,1
1439,0,0,1,2,2,1,1,0,0,0
1440,0,0,1,2,2,1,1,0,0,0
1441,0,1,1,2,2,1,1,1,1,1
1442,0,1,1,2,2,1,1,2,2,1
1286,2,1,0,0,0,0,2,0,0,1
1285,2,1,0,0,0,0,2,0,0,1
1284,1,1,0,0,0,0,1,2,0,1
1283,2,1,0,0,0,0,1,2,0,1
1282,2,1,0,2,2,1,0,1,0,1
1281,2,1,0,2,2,1,2,1,0,1
1280,2,1,0,2,0,0,0,0,0,0
1279,2,1,0,2,1,2,0,2,0,2
257,1,1,1,1,1,0,1,0,2,1
258,1,1,0,1,1,1,1,0,0,0
259,1,1,1,1,1,1,1,0,0,1
260,1,1,1,2,1,1,1,0,0,1
261,1,2,1,1,1,1,1,0,2,1
262,2,1,0,0,1,0,1,0,0,0
263,0,1,1,2,1,1,1,0,2,1
264,1,1,0,0,1,0,1,2,2,1
265,1,1,1,1,1,0,1,0,1,1
266,1,1,1,1,0,0,1,0,1,1
141,0,1,1,0,2,0,1,0,0,1
140,0,1,1,0,2,0,1,0,0,1
139,2,2,1,2,1,1,0,0,0,0
138,2,2,2,2,1,1,2,1,0,1
1434,2,1,1,1,2,1,2,1,2,1
430,0,1,0,2,0,1,1,0,2,1
305,1,1,1,1,1,1,1,1,2,1
432,1,1,1,1,0,0,1,0,1,0
588,1,1,1,0,1,1,1,1,2,1
589,1,1,1,2,1,1,1,1,1,1
590,1,1,1,1,1,1,1,2,1,1
591,1,1,1,1,1,1,1,1,1,1
592,1,1,1,2,1,1,1,1,2,1
593,1,1,1,1,1,1,1,1,1,1
594,1,1,1,1,1,1,1,0,1,1
595,1,1,1,2,1,1,1,0,2,1
596,1,1,0,2,1,1,1,2,0,0
597,1,1,0,0,0,0,0,0,0,0
598,1,1,0,0,1,0,0,0,0,0
840,2,1,0,0,1,0,1,0,0,0
839,2,1,0,0,1,0,1,0,0,0
838,2,1,0,0,1,0,1,0,0,0
587,1,1,1,1,0,1,1,2,1,1
837,2,1,0,0,1,0,1,0,0,0
600,1,1,1,0,1,1,1,2,2,1
601,1,1,1,0,1,1,1,2,2,1
602,1,1,1,0,1,1,1,2,2,1
33,2,1,0,0,1,0,1,2,0,0
32,2,1,0,0,1,0,1,2,0,0
31,2,1,0,0,1,0,1,2,1,0
30,2,1,1,0,1,0,1,2,1,0
1610,2,1,0,0,0,0,0,2,2,1
1611,2,1,0,0,0,0,0,2,2,1
1612,2,1,0,0,0,0,0,2,2,1
1613,2,1,0,0,0,0,0,2,2,1
1614,0,0,1,0,0,1,2,2,0,0
1615,0,0,1,0,0,1,2,2,0,0
1616,0,0,0,0,2,1,2,2,0,0
599,1,1,1,0,1,1,1,2,2,1
856,1,1,1,2,0,1,1,1,2,1
857,1,1,1,2,0,1,1,1,2,1
858,1,1,1,2,0,1,0,0,2,1
905,0,1,1,2,0,1,1,2,0,0
904,0,1,1,2,2,1,1,2,0,0
903,0,1,2,2,0,1,1,1,0,0
902,0,2,2,2,0,1,0,1,0,0
542,1,1,1,0,1,1,2,2,2,1
543,1,1,1,0,1,1,1,2,2,1
544,1,1,1,0,1,1,1,2,2,1
560,2,1,1,1,1,0,1,0,0,0
561,2,1,0,0,1,0,1,0,0,0
562,1,1,1,1,1,0,1,0,0,1
563,2,1,0,2,0,1,1,0,0,0
1588,0,1,1,0,2,1,1,2,2,1
882,0,1,1,0,0,0,1,2,0,1
881,0,1,1,0,0,0,1,2,0,1
880,0,1,1,2,0,1,1,2,2,1
879,0,1,2,2,0,1,1,2,2,1
878,2,2,1,2,1,1,1,2,2,1
859,1,1,1,2,0,1,1,0,2,1
571,1,1,1,1,0,0,1,0,1,1
570,1,1,1,1,0,0,1,0,0,1
569,2,1,0,0,1,0,1,0,0,0
568,2,1,1,1,1,0,1,0,0,0
567,1,1,0,1,1,0,1,0,0,1
1617,0,0,0,0,2,1,2,2,0,0
566,2,1,0,0,1,0,1,0,0,0
564,2,1,0,0,1,0,1,0,0,0
431,2,1,0,2,1,1,1,0,0,0
874,2,2,0,2,1,1,2,2,2,1
875,0,1,2,2,2,1,1,2,2,1
876,2,1,2,2,1,1,1,2,2,1
877,2,1,1,2,1,1,1,2,1,1
565,2,1,0,0,1,0,1,0,0,0
906,2,1,0,1,1,0,1,0,0,1
16,2,1,1,2,2,1,2,0,2,1
14,2,1,1,2,2,1,2,0,2,1
743,0,1,1,2,2,1,1,2,0,1
670,0,1,1,0,1,1,1,2,1,1
671,0,1,1,1,0,1,1,2,2,1
672,0,1,1,0,0,1,1,2,2,1
673,0,0,0,0,1,1,1,1,1,1
674,0,0,0,0,1,1,1,1,1,1
675,0,0,0,0,2,1,1,1,2,1
676,0,1,0,0,1,1,1,1,2,1
677,2,1,1,1,2,1,1,1,1,1
678,1,1,1,1,2,1,1,1,0,1
679,1,1,1,2,2,1,1,2,1,1
680,1,1,1,2,1,1,1,2,1,1
1637,1,1,1,2,1,1,1,1,1,1
1638,2,1,1,2,1,0,1,0,0,0
744,0,1,1,2,2,1,1,2,0,1
1639,2,0,0,0,1,0,0,0,2,1
727,0,0,0,0,1,0,0,0,2,1
726,0,0,0,0,1,0,0,0,2,1
725,0,1,1,1,2,1,1,2,2,1
724,0,1,1,1,2,1,1,2,2,1
723,0,1,1,1,2,1,1,1,0,1
722,1,1,1,2,2,1,1,1,0,1
1641,2,1,1,1,1,0,1,0,1,1
1642,2,1,1,1,1,1,1,0,1,1
1643,1,1,1,1,1,1,1,0,1,1
1644,1,1,1,1,1,1,1,0,1,1
1645,1,1,1,2,1,1,1,1,1,1
1646,1,1,1,1,1,0,1,1,1,1
1647,2,1,1,2,1,1,1,0,0,1
1648,2,1,1,2,1,1,1,0,0,1
1640,2,1,0,0,1,0,1,0,2,1
745,0,1,0,2,2,1,1,2,2,1
746,0,1,1,2,2,1,1,2,0,1
747,1,0,0,0,1,1,1,2,2,1
798,1,1,1,1,0,0,1,0,1,1
797,2,1,0,1,1,0,1,0,0,1
796,1,1,1,1,1,0,1,0,1,1
795,1,1,1,1,0,0,1,0,1,1
794,1,1,1,1,0,0,1,0,1,1
793,1,1,1,1,0,0,1,0,1,1
792,1,1,1,1,1,0,1,0,1,1
791,1,1,1,2,0,1,1,0,1,1
790,1,1,1,1,0,0,1,0,1,1
789,1,1,1,1,0,0,1,0,1,1
788,1,1,1,1,1,0,1,0,1,1
787,1,1,1,1,1,1,1,0,1,1
786,1,1,1,1,0,0,1,0,1,1
785,1,1,1,1,0,0,1,0,1,1
13,2,0,1,2,2,1,2,0,2,1
1633,2,1,1,1,1,1,1,1,1,1
1634,2,1,0,1,1,1,1,0,1,1
748,1,0,0,0,1,1,1,2,2,1
749,1,1,1,2,1,1,1,2,2,1
750,1,1,1,2,1,1,1,2,2,1
751,1,1,1,2,1,1,1,2,2,1
752,1,1,1,2,1,1,1,2,2,1
669,0,1,1,2,1,1,0,2,1,1
15,2,1,1,2,2,1,2,0,2,1
655,2,1,1,1,2,1,1,2,2,1
766,1,1,1,0,0,0,2,2,1,1
767,1,1,1,0,0,0,1,2,1,1
768,1,1,1,0,0,0,1,2,1,1
769,2,1,0,2,1,0,1,0,0,0
1636,1,1,1,1,0,0,1,2,1,1
1635,2,1,1,2,1,1,1,2,2,1
654,2,1,1,1,2,1,1,2,2,1
907,2,1,1,1,1,0,1,0,1,1
873,2,2,0,2,1,1,2,2,2,1
909,1,1,1,1,2,0,1,0,0,1
1536,1,1,1,1,1,1,1,1,1,1
1535,1,1,1,1,1,1,1,1,1,1
1534,1,1,1,1,1,1,0,1,1,1
908,1,1,1,1,1,0,1,0,1,1
1533,1,1,1,1,1,1,1,1,1,1
1062,2,1,1,0,2,1,1,0,2,1
1063,2,1,1,0,2,1,1,0,2,1
1064,2,1,1,0,2,1,1,0,2,1
75,2,1,1,0,1,0,1,0,0,0
74,2,1,1,0,1,0,1,0,0,0
73,2,1,2,1,1,0,1,1,0,0
72,2,1,2,1,1,0,1,1,0,0
71,0,1,1,1,0,1,1,0,0,0
70,0,1,1,2,2,1,1,2,0,0
69,2,1,0,0,1,1,1,0,0,0
1566,0,1,1,2,2,1,2,2,2,1
1567,0,1,1,2,2,1,2,2,2,1
1065,2,1,1,0,2,1,1,0,2,1
1532,1,1,1,1,1,1,1,1,1,1
1531,1,1,1,1,1,1,1,1,0,1
1568,0,1,1,2,2,1,2,2,2,1
1530,1,1,1,1,1,1,1,1,1,1
1529,1,1,1,1,1,1,1,1,1,1
1528,2,1,1,1,1,1,1,1,1,1
434,1,1,0,2,0,1,1,2,2,1
1569,0,1,1,2,2,1,2,2,2,1
68,0,1,1,2,1,1,1,2,0,0
67,2,1,1,2,1,1,1,1,2,1
66,2,1,0,0,1,2,1,0,0,0
1537,1,1,1,1,1,1,1,1,1,1
460,0,1,1,1,0,0,1,2,1,1
461,0,1,1,1,0,0,1,2,1,1
1046,2,1,0,2,0,1,1,2,2,1
473,2,1,0,0,1,0,1,0,0,0
1538,1,1,1,1,1,1,1,1,1,1
1539,1,1,1,1,1,1,1,1,1,1
1540,1,1,1,1,1,1,1,1,1,1
470,0,1,1,2,2,1,1,0,0,1
469,1,1,1,1,2,0,1,0,0,1
468,1,1,1,0,2,0,1,0,0,1
1021,1,1,1,1,0,0,1,2,1,1
1020,2,1,1,2,1,1,1,2,2,1
1019,1,1,1,1,0,0,1,2,2,1
1018,1,1,1,1,0,0,1,2,1,1
1017,1,1,1,0,0,0,1,0,2,1
1016,0,1,1,0,1,0,1,0,0,1
489,0,1,0,0,0,0,0,0,2,2
65,2,1,0,1,1,0,1,0,0,0
490,0,0,0,0,0,0,0,0,2,2
492,0,0,0,0,0,0,0,0,2,2
493,0,1,0,0,0,0,0,2,2,2
494,0,0,0,0,0,0,0,2,2,2
467,1,1,1,1,0,0,1,2,0,1
466,1,1,1,1,0,0,1,2,0,1
465,1,1,1,1,0,0,1,2,0,1
464,1,1,1,1,0,0,1,2,0,1
463,2,1,0,2,0,1,1,0,0,0
462,0,1,1,2,0,1,1,0,0,0
1041,1,1,0,1,0,0,1,2,0,1
1042,1,1,1,1,0,0,1,2,0,1
1043,0,1,1,1,0,1,1,1,0,1
1044,0,1,1,1,0,1,1,0,0,1
1045,2,1,0,2,0,1,1,2,2,1
491,0,0,0,0,0,0,1,0,2,2
472,0,1,1,1,0,0,1,2,1,1
64,2,1,0,0,1,0,1,0,0,0
970,1,1,2,1,1,0,1,1,1,1
496,0,0,0,0,0,0,0,2,2,2
506,2,0,2,0,1,0,2,1,0,1
507,2,1,2,0,1,0,2,1,0,1
508,2,0,2,0,1,0,2,1,0,1
509,2,0,2,0,1,0,2,1,0,1
510,2,1,2,0,1,0,1,1,0,0
511,2,1,0,0,1,0,1,0,0,0
512,0,1,0,0,2,0,1,0,0,1
513,0,1,0,0,2,0,1,0,0,1
62,2,1,0,0,1,0,1,0,0,0
939,2,1,0,0,1,0,1,0,0,0
938,0,1,0,0,0,0,1,0,0,0
937,2,1,0,0,1,0,1,0,0,0
495,0,0,0,0,0,0,0,2,2,2
936,2,1,0,0,1,0,1,0,0,0
934,2,1,0,0,1,0,1,0,0,1
933,0,0,0,0,0,0,0,0,2,1
932,0,0,0,0,0,0,0,0,2,1
931,0,0,0,0,0,0,0,0,2,1
930,0,0,0,0,0,0,0,0,2,1
1581,0,1,0,0,2,1,0,0,2,1
1582,1,1,1,0,2,1,0,0,0,1
1583,2,2,1,1,2,1,1,1,2,1
1584,1,2,1,1,2,1,1,0,2,1
1585,0,1,1,1,2,1,1,2,2,1
1586,0,1,1,1,2,1,1,2,2,1
1587,0,1,1,1,2,1,1,2,2,1
541,1,1,1,0,1,1,2,2,2,1
935,2,1,0,0,0,0,1,0,0,1
63,2,1,0,0,1,0,1,0,0,0
471,0,1,0,1,2,0,1,0,0,1
966,2,2,1,2,1,1,2,2,2,1
967,2,1,1,1,1,1,1,1,1,1
965,0,1,2,2,2,1,1,1,2,1
964,0,1,1,1,0,0,1,2,2,1
963,2,1,1,1,1,0,1,1,0,1
962,0,1,1,2,0,1,1,0,1,2
961,0,1,1,2,0,1,1,0,1,2
968,2,1,1,2,1,1,1,2,1,1
959,0,1,1,2,0,1,1,0,1,2
960,0,1,1,2,0,1,1,0,1,2
957,2,1,0,0,1,0,1,2,2,1
956,2,1,1,0,1,0,1,0,2,1
955,2,1,1,0,1,0,1,0,2,1
433,1,1,1,0,2,0,1,0,2,1
958,2,1,0,0,1,0,1,2,2,1
969,0,1,2,2,2,1,1,1,1,1
1652,2,1,0,2,1,1,0,0,2,1
1651,2,1,0,0,1,0,1,0,0,0
1650,2,1,1,2,1,1,1,2,2,1
1649,2,1,1,0,1,0,1,0,0,1
1653,2,1,1,2,1,1,1,2,2,1
1654,2,1,1,2,1,1,1,2,2,1
1655,1,1,1,1,0,0,1,2,1,1
1656,1,1,1,1,0,0,1,2,1,1
1405,2,1,1,2,1,1,1,1,1,1
1406,0,0,1,2,1,1,1,1,1,1
1407,1,0,1,1,2,1,1,1,0,1
1408,1,1,1,2,2,1,1,1,0,1
1410,1,1,1,1,0,1,1,2,2,1
1658,0,1,1,2,2,1,0,0,1,1
1659,2,0,0,0,1,0,0,0,2,1
1660,2,0,0,0,1,0,0,0,2,1
1412,1,1,1,1,1,1,1,2,2,1
1411,0,1,1,1,1,1,1,2,2,1
1657,2,1,1,2,1,1,1,2,1,1
1409,1,1,1,1,2,1,1,2,2,1
149,2,1,1,1,1,0,1,2,0,1
1542,1,1,1,1,1,1,1,1,1,1
1444,2,1,1,1,2,1,2,1,2,1
1445,2,1,1,1,2,1,2,1,2,1
1446,2,1,1,1,2,1,2,1,2,1
1447,2,1,1,0,2,1,1,2,0,1
1448,2,1,1,0,2,1,1,2,0,1
1449,2,1,1,0,2,1,1,2,0,1
1450,2,1,1,0,2,1,1,2,0,1
1451,2,2,1,2,2,1,2,2,2,1
1452,2,2,1,2,2,1,2,2,2,1
1453,2,1,1,2,2,1,2,2,2,1
1454,2,1,1,2,2,1,2,2,2,1
1455,0,0,1,2,2,1,1,0,0,0
1456,0,0,1,2,2,1,1,0,0,0
83,2,1,0,0,1,0,1,0,0,0
1457,0,0,1,2,2,1,1,0,0,0
1458,0,0,1,2,2,1,1,0,0,0
1459,0,1,1,2,2,1,0,0,0,0
1460,0,1,1,2,2,1,1,2,2,1
1461,0,1,1,2,2,1,1,2,2,1
1462,0,1,1,2,2,1,2,2,2,1
1591,2,2,1,2,2,1,1,2,2,1
1590,0,1,1,0,2,1,0,0,0,1
1589,2,1,1,0,2,1,0,0,0,1
1443,2,1,1,1,2,1,2,1,2,1
1592,2,2,2,0,2,1,1,0,2,1
1593,0,2,1,2,2,1,1,0,2,1
1594,2,2,2,0,2,1,1,0,2,1
1543,1,1,1,1,1,1,1,2,1,1
1544,1,1,1,1,1,1,1,2,1,1
1545,1,1,1,1,1,1,1,1,1,1
1546,1,1,1,1,1,1,1,1,1,1
1547,1,1,1,1,1,1,1,1,1,1
1548,1,1,1,1,1,1,1,1,1,1
82,2,1,0,0,1,1,1,0,0,0
1549,1,1,1,1,1,1,1,1,1,1
1550,1,1,1,1,1,1,1,1,1,1
1551,1,1,1,1,1,1,1,1,1,1
1552,1,1,1,1,1,1,1,1,1,1
1541,1,1,1,1,1,0,1,0,1,1
81,0,1,1,2,0,1,1,2,0,0
79,2,1,1,2,1,1,1,0,2,1
78,2,1,2,2,1,1,1,1,2,1
77,2,1,0,0,1,2,1,0,0,0
153,2,2,0,2,1,1,0,0,0,0
152,2,2,1,2,1,1,0,0,0,0
151,2,2,2,2,1,1,2,1,0,1
150,2,2,2,2,1,1,2,1,0,1
148,2,1,1,1,1,0,1,2,2,1
147,1,1,1,1,0,0,1,0,0,1
146,1,1,0,1,0,0,1,2,2,1
76,2,1,0,0,1,2,1,0,0,0
80,0,1,1,2,2,1,1,2,0,0
1404,2,1,1,1,1,1,1,2,2,1
1662,2,1,0,0,1,0,1,0,2,1
1402,2,1,1,1,1,1,1,2,2,1
991,0,1,2,2,2,1,1,1,2,1
990,0,1,1,1,0,0,1,2,2,1
989,0,1,1,1,0,0,1,2,2,1
988,2,1,1,1,1,0,1,2,0,1
987,2,1,2,1,1,0,1,1,0,0
986,0,1,1,2,0,1,1,0,1,2
985,0,1,1,2,0,1,1,0,1,2
984,0,1,1,2,0,1,1,0,1,2
983,0,1,1,2,0,1,1,0,1,2
982,0,1,1,2,0,1,1,0,1,2
981,0,1,1,2,0,1,1,0,1,2
992,0,1,2,2,2,1,1,1,2,1
980,0,1,1,2,0,1,1,0,1,2
978,2,1,0,0,1,0,1,2,2,1
977,2,1,0,0,1,0,1,2,2,1
976,2,1,0,0,1,0,1,2,2,1
975,2,1,0,0,1,0,1,2,2,1
974,2,1,1,0,1,0,1,0,2,1
973,2,1,1,0,1,0,1,0,2,1
972,2,1,1,0,1,0,1,0,2,1
971,2,1,1,0,1,0,1,0,2,1
514,2,0,2,0,1,0,2,1,0,1
515,2,0,2,0,1,0,2,1,0,1
516,2,1,2,0,1,0,2,1,0,1
979,0,1,1,2,0,1,1,0,1,2
993,2,2,1,2,1,1,2,2,2,1
994,2,2,1,2,1,1,2,2,2,1
995,2,1,0,0,1,0,1,0,0,0
1135,2,1,1,1,1,1,1,1,1,1
1134,2,1,1,1,1,1,1,1,1,1
435,2,1,0,2,1,0,1,0,0,0
436,2,1,1,1,1,0,1,0,2,1
437,1,1,1,2,0,1,1,0,2,0
438,2,1,0,2,1,1,1,2,2,1
439,1,1,0,2,2,1,1,0,0,1
1403,2,1,1,1,1,1,1,2,2,1
441,1,1,0,1,0,0,1,2,0,1
442,1,1,1,1,0,0,1,2,0,1
443,2,1,0,0,1,0,1,0,2,0
444,2,0,1,1,1,0,2,2,2,1
1027,1,1,1,1,0,0,1,2,0,1
1026,1,1,1,1,0,0,1,2,2,1
1025,1,1,1,1,0,0,1,2,2,1
1024,1,1,1,1,0,0,1,2,2,1
1023,1,1,1,1,0,0,1,2,2,1
1022,1,1,1,1,0,0,1,2,0,1
1002,1,1,2,1,0,0,1,1,1,1
1001,1,1,2,1,1,0,1,1,1,1
1000,0,1,2,2,2,1,1,1,1,1
999,0,1,2,2,2,1,1,2,2,1
998,2,1,1,2,1,1,1,2,1,1
997,2,1,1,2,1,1,1,2,1,1
996,2,1,1,2,1,1,1,2,1,1
517,2,0,2,0,1,0,2,1,0,1
518,2,0,2,0,1,0,2,1,0,1
519,2,0,2,0,1,0,2,1,0,1
520,2,0,2,0,1,0,2,1,0,1
622,1,1,0,0,1,1,1,2,2,1
806,1,1,1,1,0,0,1,0,1,1
805,1,1,1,1,0,0,1,0,1,1
804,1,1,1,1,0,0,1,0,1,1
803,1,1,1,1,1,0,1,0,1,1
802,1,1,1,1,0,1,1,0,1,1
801,1,1,1,1,1,0,1,0,1,1
800,1,1,1,1,0,0,1,0,1,1
799,1,1,1,1,0,0,1,0,1,1
681,0,1,1,2,1,1,0,2,1,1
682,0,1,1,2,1,1,0,2,1,1
683,0,1,1,0,1,1,1,2,1,1
684,0,1,1,0,1,1,1,2,1,1
685,0,0,0,0,1,1,1,1,1,1
686,0,0,0,0,1,1,1,1,1,1
687,0,0,0,0,1,1,1,1,1,1
688,0,0,0,0,1,1,1,1,2,1
689,0,0,0,0,2,1,1,1,2,1
690,0,0,0,0,2,1,1,1,2,1
691,0,0,0,0,1,1,1,1,2,1
692,0,1,0,0,1,1,1,1,2,1
693,1,1,1,2,2,1,1,2,0,0
694,1,1,1,2,2,1,1,2,2,1
695,0,1,1,2,1,1,1,2,2,1
696,2,1,1,2,1,1,1,2,1,1
621,1,1,1,0,1,1,1,2,2,1
1136,2,1,1,1,1,1,1,1,1,1
620,1,1,1,0,1,1,1,2,2,1
618,1,1,1,0,1,1,1,2,2,1
521,2,0,2,0,1,0,2,1,0,1
522,0,1,0,0,2,0,1,0,0,1
523,0,1,0,0,2,0,1,0,0,1
524,0,1,0,0,2,0,1,0,0,1
525,0,1,0,0,2,0,1,0,0,1
886,2,1,0,2,1,1,1,2,0,0
885,2,1,1,2,1,1,1,2,2,1
884,2,2,0,2,1,1,2,2,2,1
883,2,2,0,2,1,1,2,2,2,1
603,1,1,1,1,0,1,1,2,1,1
1661,2,1,0,0,1,0,1,0,2,1
604,1,1,1,1,0,1,1,2,2,1
605,1,1,1,0,1,1,1,2,2,1
606,1,1,1,0,1,1,1,1,2,1
607,1,1,1,1,1,1,1,2,1,1
608,1,1,1,1,1,1,1,2,1,1
609,1,1,1,1,1,1,1,1,1,1
610,1,1,1,1,1,1,1,1,1,1
611,1,1,1,2,1,1,1,1,2,1
612,1,1,1,2,1,1,1,1,2,1
613,0,1,1,1,2,1,1,0,0,1
614,1,1,1,1,1,1,1,1,1,1
615,1,1,1,0,2,1,2,0,2,1
616,2,2,2,2,1,1,0,0,1,1
617,1,1,1,0,1,1,1,2,2,1
619,1,1,1,0,1,1,1,2,2,1
1137,2,1,1,1,1,1,1,1,1,1
440,1,1,1,2,2,1,1,2,0,0
238,2,1,1,2,1,1,1,2,0,1
240,2,1,1,2,1,1,1,2,0,1
241,2,1,1,2,1,1,1,2,0,1
242,2,1,1,2,1,1,1,2,2,1
243,2,1,1,2,1,1,1,2,2,1
267,1,1,1,1,1,0,1,0,2,0
268,1,1,1,1,0,0,1,0,2,1
269,1,1,0,1,0,0,1,0,0,0
270,2,1,0,1,1,1,1,0,0,0
1248,2,0,0,0,2,1,2,0,2,1
1247,2,0,0,0,2,1,2,0,2,1
1391,0,1,2,2,2,1,2,0,2,1
1393,0,1,2,2,2,1,2,0,2,1
1394,0,0,2,2,2,1,2,0,2,1
1395,0,1,2,2,2,1,1,0,2,1
1396,0,1,2,2,2,1,1,0,2,1
1397,0,1,2,2,2,1,1,0,1,1
1398,0,1,2,2,2,1,1,0,1,1
239,2,1,1,2,1,1,1,2,0,1
1246,2,0,0,0,2,1,2,0,0,0
237,2,1,2,2,1,1,1,1,2,1
235,2,1,2,2,1,1,1,1,2,1
1302,2,1,0,0,0,0,2,0,0,1
1301,2,1,0,0,0,0,2,0,0,1
1300,2,1,0,0,0,0,2,0,0,1
1299,2,1,0,0,0,0,2,0,0,1
1298,1,1,0,0,0,0,1,2,0,1
1297,0,1,0,0,0,0,1,2,0,1
1296,2,1,0,0,0,0,1,2,0,1
1295,2,1,0,0,0,0,1,2,0,1
1294,2,1,0,2,2,1,0,1,0,1
1293,2,1,0,2,2,1,0,1,0,1
1292,2,1,0,2,2,1,2,1,0,1
1291,2,1,0,2,2,1,2,2,0,2
1290,2,2,0,2,0,0,0,0,0,0
1289,2,1,0,2,0,0,0,0,0,0
1288,2,1,0,2,1,2,0,2,0,2
1287,2,1,0,2,1,2,0,2,0,2
234,2,1,2,2,1,1,1,1,2,1
236,2,1,0,2,1,1,1,2,0,1
1245,2,0,0,0,2,1,2,0,0,0
1392,0,1,2,2,2,1,2,0,2,1
1243,2,1,1,2,2,1,1,2,0,1
271,1,1,1,2,1,1,1,0,0,2
272,2,1,0,0,0,0,1,0,0,0
273,1,1,1,2,0,1,1,0,0,1
274,2,1,0,2,1,1,1,0,0,0
275,1,2,1,2,0,1,1,0,2,1
1244,2,1,1,2,2,1,1,2,0,1
276,1,2,1,1,1,0,1,0,2,1
277,0,1,1,2,2,1,1,0,2,1
1229,0,0,0,0,0,0,0,2,2,1
278,0,1,1,2,0,1,1,0,2,1
280,1,1,0,0,2,0,1,2,2,1
281,1,1,1,1,0,0,1,0,0,0
282,1,1,1,1,1,0,1,0,1,1
283,1,1,1,1,0,0,1,0,1,1
284,1,1,1,1,0,0,1,0,1,1
1399,0,1,1,1,2,1,1,0,2,1
1400,0,1,1,1,0,0,1,0,0,1
1401,2,1,1,1,2,1,1,2,2,1
279,2,1,0,0,1,0,1,2,2,1
1231,0,0,0,0,0,0,0,2,2,1
1230,0,0,0,0,0,0,0,2,2,1
1235,2,1,1,2,0,1,1,2,2,1
1233,2,1,1,2,0,1,1,2,2,1
1234,2,1,1,2,0,1,1,2,2,1
1242,2,1,1,2,0,0,0,2,0,1
1241,2,1,1,2,2,1,0,0,0,0
1240,2,1,1,2,0,1,1,2,2,1
1239,2,1,1,2,0,1,1,2,2,1
1238,2,1,1,2,0,1,1,2,2,1
1237,2,1,1,2,0,1,1,2,2,1
1236,2,1,1,2,0,1,1,2,2,1
1232,0,0,0,0,0,0,0,2,2,1
703,0,1,1,2,1,1,1,2,2,1
704,0,1,1,2,1,1,0,2,2,1
628,1,1,1,0,1,1,1,1,2,1
629,1,1,1,1,1,1,1,2,1,1
630,1,1,1,1,1,1,1,2,1,1
631,0,1,1,1,2,1,1,0,0,1
632,0,1,1,1,2,1,1,0,0,1
633,1,1,1,1,1,1,1,1,0,1
634,1,1,1,0,1,1,1,0,2,1
702,0,0,0,0,1,1,1,1,2,1
1311,2,1,0,2,2,1,0,1,0,1
705,2,1,1,2,1,1,1,2,2,1
635,1,1,1,0,2,1,2,0,2,1
699,0,0,0,0,1,1,1,1,1,1
698,0,0,0,0,1,1,1,1,1,1
697,0,0,0,0,1,1,1,1,1,1
636,1,1,1,0,2,1,2,0,2,1
637,2,2,2,2,2,1,0,0,2,1
638,2,2,2,2,1,1,0,0,0,0
1312,2,1,0,2,2,1,0,1,0,1
1313,2,1,0,0,0,0,2,0,0,1
1314,2,1,0,0,0,0,2,0,0,1
1315,2,1,0,0,0,0,2,0,0,1
1316,2,1,0,0,0,0,2,0,0,1
1310,2,1,0,2,2,1,2,1,0,1
706,2,1,1,2,1,1,1,2,0,1
1309,2,1,0,2,2,1,2,1,0,1
86,2,1,0,0,1,2,1,0,0,0
1307,2,1,0,2,2,1,2,2,0,2
1474,0,1,1,2,2,1,1,2,2,1
1475,0,1,1,2,2,1,1,2,2,1
1476,0,1,1,2,2,1,1,2,2,1
1477,0,1,1,2,2,1,2,2,2,1
1478,0,1,1,2,2,1,2,2,2,1
95,2,1,0,0,1,0,1,0,0,0
94,2,1,0,0,1,1,1,0,0,0
1473,0,1,1,2,2,1,1,2,2,1
93,0,1,1,2,0,1,1,2,0,0
91,2,1,1,2,1,1,2,0,2,1
90,2,1,2,2,1,1,1,0,2,1
89,2,1,2,2,1,1,1,1,2,1
88,2,1,2,2,2,1,1,1,2,1
700,0,0,0,0,1,1,1,1,1,1
84,2,1,0,0,1,2,1,0,0,0
85,2,1,0,0,1,2,1,0,0,0
92,0,1,1,2,0,1,1,2,0,0
1472,0,1,1,2,2,1,0,0,0,0
1471,0,1,1,2,2,1,0,0,0,0
1470,0,0,1,2,2,1,1,0,0,0
1306,2,1,0,2,1,2,0,2,0,2
1305,2,1,0,2,1,2,0,2,0,2
1304,2,1,0,2,1,2,0,2,0,2
627,1,1,1,0,1,1,1,1,2,1
626,1,1,1,0,1,1,1,2,2,1
625,1,1,1,0,1,1,1,2,2,1
624,1,1,1,1,0,1,1,2,0,1
623,1,1,1,1,0,1,1,2,2,1
1303,2,1,0,2,1,2,0,2,0,2
87,2,0,0,0,1,2,0,0,0,0
1463,0,0,1,2,2,1,1,0,0,0
1464,0,0,1,2,2,1,1,0,0,0
1465,0,0,1,2,2,1,1,0,0,0
1466,0,0,1,2,2,1,1,0,0,0
1467,0,0,1,2,2,1,1,0,0,0
1468,0,0,1,2,2,1,1,0,0,0
1469,0,0,1,2,2,1,1,0,0,0
1308,2,1,0,2,2,1,2,2,0,2
701,0,0,0,0,1,1,1,1,2,1
