,Unnamed: 0,Node Name,Level,Type
6,6,10_0112212221,2,L
9,9,5_0012212221,3,L
10,10,6_0012012221,3,L
11,11,8_2120010021,3,L
12,12,9_2120010021,3,L
13,13,1_2012212021,4,L
14,14,2_2112212021,4,L
15,15,3_2112212021,4,L
16,16,4_2112212021,4,L
24,24,1_1112212001,3,L
25,25,2_1112212001,3,L
26,26,3_1112212001,3,L
27,27,4_1112212001,3,L
32,32,5_1102000001,4,L
33,33,6_2100012001,4,L
34,34,7_1111111021,4,L
35,35,8_1111111021,4,L
36,36,9_1111111121,4,L
37,37,10_1111111121,4,L
38,38,11_1111111121,4,L
39,39,12_1111111121,4,L
47,47,1_2120211221,3,L
48,48,2_2120212221,3,L
49,49,3_2110100021,3,L
50,50,4_2110100021,3,L
53,53,9_0111111221,3,L
54,54,10_1111111221,3,L
55,55,5_1110112221,4,L
56,56,6_1110112221,4,L
57,57,7_1110111221,4,L
58,58,8_1110111221,4,L
66,66,1_2102111221,3,L
67,67,2_2102111221,3,L
68,68,3_2102010221,3,L
69,69,4_2102010221,3,L
72,72,13_0210012201,3,L
73,73,14_0210012201,3,L
74,74,9_1112011121,4,L
75,75,10_1112011121,4,L
76,76,11_1112010021,4,L
77,77,12_1112011021,4,L
85,85,1_0101001001,3,L
86,86,2_2101101000,3,L
87,87,3_2100101000,3,L
88,88,4_2100101000,3,L
89,89,5_1101201221,3,L
90,90,6_2101001000,3,L
91,91,7_1111001001,3,L
92,92,8_1111001021,3,L
96,96,1_2100111000,2,L
97,97,2_2100101000,2,L
98,98,3_2100101000,2,L
99,99,4_2100101000,2,L
120,120,12_2112101000,4,L
131,131,1_2110101001,5,L
132,132,2_2112111221,5,L
133,133,3_2100101000,5,L
134,134,4_2102110021,5,L
135,135,5_2112111221,5,L
136,136,6_2112111221,5,L
137,137,7_1111001211,5,L
138,138,8_1111001211,5,L
139,139,9_2112111211,5,L
140,140,10_0112210011,5,L
141,141,13_2000100021,5,L
142,142,14_2000100021,5,L
143,143,15_2100101021,5,L
144,144,16_2100101021,5,L
153,153,33_1122111121,5,L
154,154,34_1112011201,5,L
155,155,35_1111201221,5,L
156,156,36_2101101000,5,L
157,157,43_2112111001,5,L
158,158,44_2112111001,5,L
159,159,45_2112111001,5,L
160,160,46_2112111000,5,L
161,161,17_2111101021,6,L
162,162,18_2111101021,6,L
163,163,19_2111101011,6,L
164,164,20_2111101011,6,L
165,165,21_2111101021,6,L
166,166,22_2110101021,6,L
167,167,23_2111101001,6,L
168,168,24_2112111001,6,L
169,169,25_1101001020,6,L
170,170,26_1111001000,6,L
171,171,27_2102111000,6,L
172,172,28_1112011011,6,L
173,173,29_1111101021,6,L
174,174,30_2100101021,6,L
175,175,31_1112211011,6,L
176,176,32_1112211011,6,L
188,188,15_2110101021,3,L
189,189,16_2110101021,3,L
190,190,17_2100101000,3,L
191,191,24_2100101000,3,L
192,192,1_1110001221,4,L
193,193,2_1110001221,4,L
200,200,3_2110101221,5,L
201,201,4_2120101221,5,L
202,202,5_2112111221,5,L
203,203,6_2112111221,5,L
204,204,7_2111101201,5,L
205,205,8_2111101201,5,L
206,206,9_2112111201,5,L
207,207,10_2112111201,5,L
208,208,11_2112111221,5,L
209,209,12_2112111221,5,L
210,210,13_1112111221,5,L
211,211,14_2112111221,5,L
219,219,2_1100001000,3,L
227,227,3_1100010000,4,L
228,228,4_1100001000,4,L
229,229,5_1102111000,4,L
230,230,6_2100111000,4,L
231,231,7_1100101000,4,L
232,232,8_1100001000,4,L
233,233,9_2120100100,4,L
234,234,10_2220102101,4,L
235,235,11_2220102200,4,L
236,236,12_2100101000,4,L
237,237,13_2020100101,4,L
238,238,14_2020100101,4,L
239,239,15_2020100101,4,L
240,240,16_2020100101,4,L
247,247,12_2100101000,2,L
248,248,1_2120101121,3,L
249,249,2_2120101121,3,L
252,252,9_2100101000,3,L
253,253,10_2102111000,3,L
254,254,5_2110101210,4,L
255,255,6_2100101210,4,L
256,256,7_2100101200,4,L
257,257,8_2100101200,4,L
261,261,1_2110101021,2,L
265,265,2_2112111021,3,L
266,266,3_2112111021,3,L
267,267,4_2112111000,3,L
268,268,5_2102111000,3,L
269,269,6_2102111000,3,L
270,270,7_2102111000,3,L
285,285,26_2210100001,3,L
286,286,1_2100101000,4,L
287,287,2_2100101000,4,L
288,288,3_2100101000,4,L
289,289,4_2101101000,4,L
294,294,20_0112211200,4,L
295,295,21_0111011000,4,L
296,296,22_2121101100,4,L
297,297,23_2121101100,4,L
298,298,24_2110101000,4,L
299,299,25_2110101000,4,L
304,304,13_0112211200,5,L
307,307,19_2100101000,5,L
308,308,5_2100121000,6,L
309,309,6_2100121000,6,L
310,310,7_2100121000,6,L
311,311,8_2000120000,6,L
312,312,9_2122211121,6,L
313,313,10_2122111121,6,L
314,314,11_2122111021,6,L
315,315,12_2112112021,6,L
316,316,14_0112011200,6,L
317,317,15_0112011200,6,L
318,318,16_2100111000,6,L
319,319,17_2100101000,6,L
326,326,14_2100101000,2,L
328,328,3_2121121101,3,L
329,329,4_0001200201,3,L
333,333,1_2100101100,4,L
334,334,2_1101021101,4,L
335,335,5_1110001201,4,L
336,336,6_1110001201,4,L
337,337,7_2102211221,4,L
338,338,8_2112111221,4,L
339,339,9_2102111221,4,L
340,340,10_2102111221,4,L
352,352,13_2110101001,3,L
356,356,1_1111001011,4,L
357,357,2_1111101001,4,L
358,358,3_2111101221,4,L
359,359,4_2112111201,4,L
364,364,14_0110201001,4,L
365,365,15_0110201001,4,L
366,366,16_2100101000,4,L
367,367,17_1111001001,4,L
368,368,18_2112111000,4,L
369,369,19_2100101000,4,L
370,370,5_1101001221,5,L
371,371,6_1111001001,5,L
372,372,7_2111101221,5,L
373,373,8_2111101201,5,L
374,374,9_2222112101,5,L
375,375,10_2222112101,5,L
376,376,11_2212110000,5,L
377,377,12_2202110000,5,L
380,380,8_1122211101,1,L
383,383,1_2102111000,3,L
384,384,2_1102211000,3,L
385,385,3_1122211100,3,L
386,386,4_1102111200,3,L
390,390,3_0102011000,2,L
391,391,4_2102101000,2,L
398,398,5_2100111200,4,L
399,399,6_2102111201,4,L
400,400,7_2102111201,4,L
401,401,8_2102111201,4,L
402,402,9_2112111201,4,L
403,403,10_2112111201,4,L
404,404,11_2112111001,4,L
405,405,12_2112111001,4,L
415,415,8_0100001012,3,L
416,416,9_0100001012,3,L
419,419,14_0100001000,3,L
420,420,15_0100001000,3,L
421,421,4_0201000021,4,L
422,422,5_0201000021,4,L
423,423,6_0201000021,4,L
424,424,7_0201000021,4,L
425,425,10_0102111000,4,L
426,426,11_0121201121,4,L
427,427,12_0121201121,4,L
428,428,13_0121201121,4,L
443,443,20_1112011221,3,L
448,448,9_2112211221,4,L
450,450,12_2112111201,4,L
451,451,13_2112111201,4,L
452,452,14_1110001221,4,L
453,453,15_1110001221,4,L
454,454,16_1110001201,4,L
455,455,17_1100001001,4,L
456,456,18_1112111221,4,L
457,457,19_2102111000,4,L
458,458,1_2122111121,5,L
459,459,2_2122111121,5,L
460,460,3_2102111201,5,L
461,461,4_2122111121,5,L
462,462,5_2112111201,5,L
463,463,6_2112111201,5,L
464,464,7_2112111201,5,L
465,465,8_2112111201,5,L
466,466,10_2112111221,5,L
467,467,11_2112111221,5,L
471,471,1_2100101000,2,L
479,479,21_1111001011,3,L
486,486,16_2100101000,4,L
491,491,6_1111101020,5,L
492,492,7_1111001021,5,L
493,493,8_1101001000,5,L
494,494,9_2101111000,5,L
495,495,10_1112111002,5,L
496,496,11_2100001000,5,L
497,497,12_1112011001,5,L
498,498,13_2102111000,5,L
499,499,14_1212011021,5,L
500,500,15_1211101021,5,L
501,501,17_0112211021,5,L
502,502,18_0112011021,5,L
503,503,19_2100101221,5,L
504,504,20_1100201221,5,L
505,505,23_1111001000,5,L
506,506,24_1111101011,5,L
507,507,25_1111001011,5,L
508,508,26_1111001011,5,L
510,510,1_2100101000,1,L
514,514,5_2102111021,3,L
515,515,6_2112111021,3,L
516,516,7_2212110021,3,L
518,518,8_2212110021,4,L
519,519,9_2212110021,4,L
525,525,10_0102011000,2,L
527,527,1_2100101000,3,L
528,528,2_2100101000,3,L
529,529,3_1101001100,3,L
530,530,4_2100101000,3,L
531,531,11_1112011021,3,L
532,532,12_1112011021,3,L
536,536,1_2100101000,2,L
542,542,7_0001200200,3,L
543,543,8_0001200200,3,L
544,544,9_0011200200,3,L
545,545,10_0011200200,3,L
546,546,3_2120101100,4,L
547,547,4_2120101100,4,L
548,548,5_2120101120,4,L
549,549,6_2120101121,4,L
557,557,1_0220002121,3,L
558,558,2_0220002121,3,L
559,559,3_0220002121,3,L
560,560,4_0220002121,3,L
561,561,5_2100101000,3,L
562,562,6_2100101000,3,L
565,565,7_0102211221,4,L
566,566,8_0102211220,4,L
567,567,9_0122211121,4,L
568,568,10_0122211121,4,L
571,571,9_0200000021,1,L
578,578,1_2101101201,4,L
579,579,2_0121201121,4,L
580,580,3_2102111000,4,L
581,581,4_2102101000,4,L
582,582,5_2100111000,4,L
583,583,6_0100001000,4,L
584,584,7_2100101001,4,L
585,585,8_2100101001,4,L
591,591,9_1122011111,2,L
597,597,10_1122011111,3,L
598,598,11_1122011111,3,L
599,599,1_2102111221,4,L
600,600,2_2102111211,4,L
601,601,3_2102111011,4,L
602,602,4_2102111011,4,L
603,603,5_1110001221,4,L
604,604,6_1110001221,4,L
605,605,7_1111201221,4,L
606,606,8_1111201221,4,L
618,618,14_1100001000,3,L
622,622,1_2101001000,4,L
623,623,2_1111001000,4,L
627,627,9_0102211000,4,L
630,630,15_1112011021,4,L
631,631,16_0102011021,4,L
632,632,17_2102111000,4,L
633,633,18_1111001010,4,L
634,634,19_1110201021,4,L
635,635,20_1102011221,4,L
636,636,3_2102101000,5,L
637,637,4_2111101021,5,L
638,638,5_1112011020,5,L
639,639,6_2102111221,5,L
640,640,7_1102211001,5,L
641,641,8_1112211200,5,L
642,642,10_1101001201,5,L
643,643,11_1111001201,5,L
644,644,12_2100101020,5,L
645,645,13_2011102221,5,L
659,659,14_1110001211,3,L
661,661,1_0111001211,4,L
662,662,2_0111001211,4,L
663,663,3_0112011000,4,L
664,664,4_2102011000,4,L
665,665,5_1111001201,4,L
666,666,6_1111001201,4,L
667,667,7_1111001201,4,L
668,668,8_1111001201,4,L
669,669,9_1110201001,4,L
670,670,10_1111201001,4,L
671,671,11_0112211001,4,L
672,672,12_0101201001,4,L
673,673,15_0111001211,4,L
674,674,16_2100101000,4,L
686,686,9_1101001011,3,L
687,687,10_1111001011,3,L
688,688,11_1111101011,3,L
689,689,12_1111001011,3,L
690,690,1_0100000022,4,L
691,691,2_0000000022,4,L
692,692,3_0000001022,4,L
693,693,4_0000000022,4,L
694,694,5_0100000222,4,L
695,695,6_0000000222,4,L
696,696,7_0000000222,4,L
697,697,8_0000000222,4,L
699,699,2_2120101101,1,L
711,711,13_2120101100,4,L
712,712,14_2100101000,4,L
715,715,4_2020102101,5,L
716,716,5_2020102101,5,L
717,717,6_2120102101,5,L
718,718,7_2020102101,5,L
719,719,8_2020102101,5,L
720,720,9_2020102101,5,L
721,721,10_2020102101,5,L
722,722,11_2020102101,5,L
723,723,15_0100201001,5,L
724,724,16_0100201001,5,L
725,725,17_0100201001,5,L
726,726,18_0100201001,5,L
738,738,9_1101001000,3,L
739,739,10_1111101001,3,L
742,742,1_2111101000,4,L
743,743,2_2100101000,4,L
744,744,3_1111101001,4,L
745,745,4_2102011000,4,L
746,746,5_2100101000,4,L
747,747,6_2100101000,4,L
748,748,7_2100101000,4,L
749,749,8_1101101001,4,L
750,750,13_2111101000,4,L
751,751,14_2100101000,4,L
752,752,15_1111001001,4,L
753,753,16_1111001011,4,L
771,771,11_1112111111,4,L
777,777,32_1112111021,4,L
778,778,35_1102111200,4,L
779,779,36_1100000000,4,L
780,780,39_1100100000,4,L
782,782,42_1110111221,4,L
786,786,6_1111011221,5,L
789,789,12_1111111211,5,L
791,791,15_1111111111,5,L
792,792,16_1111111111,5,L
793,793,18_1112111121,5,L
794,794,19_1112111121,5,L
799,799,40_1110111221,5,L
800,800,41_1110111221,5,L
801,801,43_1110111221,5,L
802,802,44_1110111221,5,L
803,803,45_1110111221,5,L
804,804,46_1100111221,5,L
805,805,1_1111011221,6,L
806,806,3_1111011201,6,L
807,807,7_1110111221,6,L
808,808,8_1110111221,6,L
809,809,9_1110111121,6,L
810,810,10_1110111121,6,L
811,811,13_1111111211,6,L
812,812,14_1111111211,6,L
813,813,20_0111211001,6,L
814,814,21_0111211001,6,L
815,815,22_1111111101,6,L
816,816,26_1110111021,6,L
817,817,27_1110212021,6,L
818,818,29_1110212021,6,L
819,819,30_2222210021,6,L
820,820,31_2222110000,6,L
829,829,4_1112001001,3,L
830,830,5_0112011221,3,L
831,831,7_2112112221,3,L
832,832,10_2111012221,3,L
833,833,11_2111011221,3,L
834,834,12_2111212221,3,L
835,835,13_2211212221,3,L
836,836,1_2111211221,4,L
837,837,2_2111211221,4,L
841,841,4_1111211221,2,L
853,853,10_0111011221,4,L
854,854,11_0110011221,4,L
859,859,28_2111211111,4,L
860,860,29_1111211101,4,L
863,863,6_0112110211,5,L
864,864,7_0112110211,5,L
865,865,8_0110111211,5,L
866,866,9_0110111211,5,L
869,869,21_0000111111,5,L
871,871,24_0000211121,5,L
872,872,25_0000211121,5,L
873,873,26_0000111121,5,L
874,874,27_0100111121,5,L
875,875,30_1112211200,5,L
876,876,31_1112211221,5,L
879,879,17_0000111111,6,L
880,880,18_0000111111,6,L
881,881,19_0000111111,6,L
882,882,20_0000111111,6,L
883,883,22_0000111121,6,L
884,884,23_0000111121,6,L
885,885,32_0112111221,6,L
886,886,33_0112110221,6,L
887,887,34_2112111221,6,L
888,888,35_2112111201,6,L
896,896,1_2111111101,3,L
900,900,12_2022111221,3,L
901,901,13_2002111221,3,L
902,902,14_0110111221,3,L
903,903,15_0120111221,3,L
904,904,2_1112211101,4,L
905,905,3_0111211101,4,L
906,906,4_0111211221,4,L
907,907,5_0111211221,4,L
908,908,6_0000100021,4,L
909,909,7_0000100021,4,L
917,917,8_0112210201,3,L
920,920,13_0112211201,3,L
921,921,15_1000111221,3,L
925,925,9_0112211201,4,L
926,926,10_0112211201,4,L
927,927,11_0102211221,4,L
928,928,12_0112211201,4,L
929,929,17_1000111221,4,L
930,930,18_1000111221,4,L
931,931,19_1112111221,4,L
932,932,20_1112111221,4,L
933,933,21_1112111221,4,L
934,934,22_1112111221,4,L
939,939,7_1111001201,2,L
944,944,8_1110201201,3,L
945,945,9_1110201201,3,L
946,946,10_1110001201,3,L
947,947,11_2100101001,3,L
948,948,1_1110002211,4,L
949,949,2_1110001211,4,L
950,950,3_1110001211,4,L
951,951,4_2102101000,4,L
959,959,1_1111001011,3,L
968,968,5_1111001011,4,L
971,971,11_1111001011,4,L
973,973,14_1112011011,4,L
974,974,15_1111101011,4,L
975,975,16_1111001011,4,L
976,976,17_1111001011,4,L
977,977,18_1111001011,4,L
978,978,19_1111101011,4,L
979,979,20_2101101001,4,L
980,980,21_1111001011,4,L
981,981,3_1111001011,5,L
982,982,4_1111001011,5,L
983,983,6_1111101011,5,L
984,984,7_1111011011,5,L
985,985,8_1111101011,5,L
986,986,9_1111001011,5,L
987,987,12_1111001011,5,L
988,988,13_1111001011,5,L
996,996,1_2100101000,3,L
997,997,2_0100001000,3,L
998,998,3_2102111000,3,L
999,999,4_2100101020,3,L
1000,1000,5_2112111201,3,L
1001,1001,6_1112011201,3,L
1002,1002,7_2122111221,3,L
1003,1003,8_2112111221,3,L
1011,1011,1_1112211001,3,L
1012,1012,2_1112211001,3,L
1013,1013,3_0122211101,3,L
1014,1014,4_0122211101,3,L
1017,1017,9_2100101000,3,L
1018,1018,10_2100101000,3,L
1019,1019,5_2100101000,4,L
1020,1020,6_2100101000,4,L
1021,1021,7_2100101000,4,L
1022,1022,8_2100101000,4,L
1026,1026,1_2000100000,2,L
1032,1032,7_0102212101,3,L
1037,1037,4_2202112221,4,L
1038,1038,5_0122211221,4,L
1039,1039,6_2122111221,4,L
1041,1041,10_2212111221,4,L
1042,1042,11_0122011221,4,L
1043,1043,12_0112011221,4,L
1044,1044,13_0110001201,4,L
1045,1045,14_0110001201,4,L
1046,1046,2_2202112221,5,L
1047,1047,3_2202112221,5,L
1048,1048,8_2112111221,5,L
1049,1049,9_2102111200,5,L
1061,1061,12_1222010102,3,L
1062,1062,13_1202010002,3,L
1063,1063,16_0112011200,3,L
1064,1064,19_2112111221,3,L
1065,1065,1_0222010100,4,L
1066,1066,2_0122011100,4,L
1067,1067,3_0112211200,4,L
1068,1068,4_0112011200,4,L
1069,1069,8_2101101001,4,L
1070,1070,9_2111101011,4,L
1071,1071,10_1111101011,4,L
1072,1072,11_1111201001,4,L
1082,1082,5_2100101000,3,L
1086,1086,13_2100101000,3,L
1087,1087,14_0100001000,3,L
1088,1088,1_0000000021,4,L
1089,1089,2_0000000021,4,L
1090,1090,3_0000000021,4,L
1091,1091,4_0000000021,4,L
1092,1092,7_2100101001,4,L
1093,1093,8_2100001001,4,L
1094,1094,9_2100101000,4,L
1095,1095,10_2100101000,4,L
1096,1096,11_0100001000,4,L
1097,1097,12_2100101000,4,L
1129,1129,1_2110101021,5,L
1130,1130,2_2110101021,5,L
1131,1131,3_2110101021,5,L
1132,1132,4_2110101021,5,L
1133,1133,5_2100101221,5,L
1134,1134,6_2100101221,5,L
1135,1135,7_2100101221,5,L
1136,1136,8_2100101221,5,L
1137,1137,9_0112011012,5,L
1138,1138,10_0112011012,5,L
1139,1139,11_0112011012,5,L
1140,1140,12_0112011012,5,L
1141,1141,13_0112011012,5,L
1142,1142,14_0112011012,5,L
1143,1143,15_0112011012,5,L
1144,1144,16_0112011012,5,L
1145,1145,17_2121101100,5,L
1146,1146,18_2111101201,5,L
1147,1147,19_0111001221,5,L
1148,1148,20_0111001221,5,L
1149,1149,21_0122211121,5,L
1150,1150,22_0122211121,5,L
1151,1151,23_2212112221,5,L
1152,1152,24_2212112221,5,L
1153,1153,25_2100101000,5,L
1154,1154,26_2112111211,5,L
1155,1155,27_2112111211,5,L
1156,1156,28_2112111211,5,L
1157,1157,29_0122211221,5,L
1158,1158,30_0122211111,5,L
1159,1159,31_1121101111,5,L
1160,1160,32_1121001111,5,L
1167,1167,22_2100101000,2,L
1168,1168,1_2111101221,3,L
1169,1169,2_1112211000,3,L
1171,1171,5_2100101000,3,L
1174,1174,3_0110101001,4,L
1175,1175,4_1110001021,4,L
1178,1178,11_2112111221,4,L
1180,1180,7_1111001201,5,L
1181,1181,8_1111001221,5,L
1182,1182,9_1111001221,5,L
1183,1183,10_1111001221,5,L
1184,1184,13_1111001221,5,L
1185,1185,14_1111001201,5,L
1189,1189,4_0120111100,2,L
1193,1193,5_1120111100,3,L
1194,1194,7_1120111101,3,L
1197,1197,16_2102011221,3,L
1199,1199,8_1101001201,4,L
1200,1200,9_1111001201,4,L
1201,1201,13_0111011101,4,L
1202,1202,14_0111011001,4,L
1203,1203,18_2102011221,4,L
1204,1204,19_2102011221,4,L
1212,1212,1_1112001011,3,L
1213,1213,2_1112111211,3,L
1214,1214,3_0112111211,3,L
1215,1215,4_1112111211,3,L
1218,1218,9_1111212021,3,L
1219,1219,10_1111212121,3,L
1220,1220,5_2110211021,4,L
1221,1221,6_2110211021,4,L
1222,1222,7_2110211021,4,L
1223,1223,8_2110211021,4,L
1233,1233,5_2122211021,3,L
1234,1234,6_2202011221,3,L
1235,1235,7_0112210021,3,L
1236,1236,8_0112211021,3,L
1237,1237,9_0100011021,3,L
1238,1238,10_0112011021,3,L
1239,1239,1_0201000201,4,L
1240,1240,2_0101000000,4,L
1241,1241,3_0201010201,4,L
1242,1242,4_0201010201,4,L
1250,1250,9_2121212001,3,L
1251,1251,10_2121212001,3,L
1252,1252,11_2121211201,3,L
1253,1253,12_2121211201,3,L
1254,1254,13_2122111221,3,L
1255,1255,14_2122111221,3,L
1256,1256,15_2122111221,3,L
1257,1257,16_2122111221,3,L
1261,1261,4_1111111111,2,L
1265,1265,5_1111111111,3,L
1266,1266,6_1111111111,3,L
1268,1268,10_1111111111,3,L
1271,1271,7_1111111001,4,L
1272,1272,8_1111111111,4,L
1274,1274,16_2111111111,4,L
1276,1276,21_2111111111,4,L
1277,1277,14_2111111111,5,L
1278,1278,15_2111111111,5,L
1279,1279,18_2111111111,5,L
1280,1280,19_2111111111,5,L
1291,1291,15_0122012201,3,L
1292,1292,16_0122012000,3,L
1296,1296,9_2112012221,4,L
1297,1297,10_2112012221,4,L
1298,1298,11_2112212221,4,L
1299,1299,12_2112212221,4,L
1300,1300,13_1122012001,4,L
1301,1301,14_1122012001,4,L
1302,1302,17_0122012000,4,L
1303,1303,18_0122012000,4,L
1304,1304,19_2112212211,4,L
1305,1305,20_2112212211,4,L
1306,1306,21_2112202201,4,L
1307,1307,22_2112212211,4,L
1311,1311,3_1111111011,2,L
1312,1312,4_1111111111,2,L
1314,1314,7_2111111121,2,L
1315,1315,5_2111111211,3,L
1316,1316,6_2111111211,3,L
1320,1320,1_1111111111,2,L
1321,1321,2_1111111111,2,L
1322,1322,10_1111111111,2,L
1323,1323,11_1111111001,2,L
1327,1327,1_0111111111,2,L
1333,1333,7_2112211201,3,L
1334,1334,8_2112111121,3,L
1335,1335,9_2110011000,3,L
1336,1336,10_2110011000,3,L
1337,1337,3_1110111101,4,L
1338,1338,4_1111211101,4,L
1339,1339,5_1111111101,4,L
1340,1340,6_1111111101,4,L
1358,1358,5_0000010021,4,L
1359,1359,6_0000010021,4,L
1360,1360,13_0112211221,4,L
1361,1361,14_0112211221,4,L
1362,1362,15_0112212221,4,L
1363,1363,16_0112212221,4,L
1372,1372,1_0000000221,5,L
1373,1373,2_0000000221,5,L
1374,1374,3_0000000221,5,L
1375,1375,4_0000000221,5,L
1376,1376,17_2112011221,5,L
1377,1377,18_2112011221,5,L
1378,1378,19_2112011221,5,L
1379,1379,20_2112011221,5,L
1380,1380,21_2112011221,5,L
1381,1381,22_2112011221,5,L
1382,1382,23_2112011221,5,L
1383,1383,24_2112011221,5,L
1384,1384,25_2112210000,5,L
1385,1385,26_2112000201,5,L
1386,1386,27_2112211201,5,L
1387,1387,28_2112211201,5,L
1388,1388,29_2000212000,5,L
1389,1389,30_2000212000,5,L
1390,1390,31_2000212021,5,L
1391,1391,32_2000212021,5,L
1399,1399,1_0222000000,3,L
1400,1400,2_0222000000,3,L
1401,1401,3_0222000000,3,L
1402,1402,4_0222000000,3,L
1403,1403,5_0112000000,3,L
1404,1404,6_0112000000,3,L
1405,1405,7_0122000000,3,L
1406,1406,8_0122000000,3,L
1414,1414,1_0122210221,3,L
1415,1415,2_0122210221,3,L
1416,1416,3_0212210221,3,L
1417,1417,4_0212210221,3,L
1432,1432,9_2102000000,5,L
1433,1433,12_2202000000,5,L
1436,1436,17_2102210101,5,L
1438,1438,21_2100001201,5,L
1439,1439,22_2100001201,5,L
1440,1440,23_0100001201,5,L
1441,1441,24_1100001201,5,L
1444,1444,29_2100002001,5,L
1445,1445,30_2100002001,5,L
1446,1446,5_2102120202,6,L
1447,1447,6_2102120202,6,L
1448,1448,7_2102120202,6,L
1449,1449,8_2102120202,6,L
1450,1450,13_2102212202,6,L
1451,1451,14_2102212202,6,L
1452,1452,15_2102212101,6,L
1453,1453,16_2102212101,6,L
1454,1454,19_2102210101,6,L
1455,1455,20_2102210101,6,L
1456,1456,25_2100002001,6,L
1457,1457,26_2100002001,6,L
1458,1458,27_2100002001,6,L
1459,1459,28_2100002001,6,L
1461,1461,1_2112211101,1,L
1467,1467,14_1112111111,3,L
1469,1469,2_2112001211,4,L
1470,1470,7_2112001211,4,L
1471,1471,8_1111111101,4,L
1472,1472,13_1111111111,4,L
1473,1473,15_1111111111,4,L
1474,1474,16_1111111111,4,L
1485,1485,7_1111111211,3,L
1486,1486,9_1011111011,3,L
1487,1487,10_1111111011,3,L
1489,1489,15_1111111111,3,L
1490,1490,1_1111111111,4,L
1491,1491,2_1111111111,4,L
1492,1492,3_1111111211,4,L
1493,1493,4_1111111211,4,L
1494,1494,5_1111111211,4,L
1495,1495,6_1111111211,4,L
1496,1496,13_1111111111,4,L
1497,1497,14_1111111111,4,L
1512,1512,33_1112212121,3,L
1518,1518,12_2110111001,4,L
1522,1522,23_2110000000,4,L
1526,1526,31_0101111121,4,L
1527,1527,1_0122212021,5,L
1528,1528,2_0122212021,5,L
1529,1529,3_0122212021,5,L
1530,1530,4_0022212021,5,L
1531,1531,5_0122211021,5,L
1532,1532,6_0122211021,5,L
1533,1533,7_0122211011,5,L
1534,1534,8_0122211011,5,L
1535,1535,9_0111211021,5,L
1536,1536,10_0111001001,5,L
1537,1537,13_2111211221,5,L
1538,1538,14_2111111221,5,L
1539,1539,15_2111111221,5,L
1540,1540,16_2111111221,5,L
1541,1541,17_2112111111,5,L
1542,1542,18_0012111111,5,L
1543,1543,24_1011211101,5,L
1544,1544,25_1112211101,5,L
1545,1545,26_1111211221,5,L
1546,1546,27_1111011221,5,L
1547,1547,28_0111111221,5,L
1548,1548,29_1111111221,5,L
1556,1556,3_0112211221,3,L
1557,1557,4_2222212000,3,L
1559,1559,17_2121212221,3,L
1574,1574,10_2111212121,5,L
1575,1575,11_2111212121,5,L
1576,1576,12_2111212121,5,L
1577,1577,13_2111212121,5,L
1578,1578,20_2110211201,5,L
1579,1579,21_2110211201,5,L
1580,1580,22_2110211201,5,L
1581,1581,23_2110211201,5,L
1582,1582,24_2212212221,5,L
1583,1583,25_2212212221,5,L
1584,1584,26_2112212221,5,L
1585,1585,27_2112212221,5,L
1594,1594,32_0012211000,6,L
1595,1595,33_0012211000,6,L
1596,1596,34_0012211000,6,L
1597,1597,35_0012211000,6,L
1598,1598,36_0012211000,6,L
1599,1599,37_0012211000,6,L
1600,1600,38_0012211000,6,L
1601,1601,39_0012211000,6,L
1602,1602,40_0112210000,6,L
1603,1603,41_0112210000,6,L
1604,1604,42_0112211221,6,L
1605,1605,43_0112211221,6,L
1606,1606,44_0112211221,6,L
1607,1607,45_0112211221,6,L
1608,1608,46_0112212221,6,L
1609,1609,47_0112212221,6,L
1614,1614,3_2011020221,2,L
1616,1616,7_1222012201,2,L
1617,1617,1_2021020221,3,L
1618,1618,2_2021020221,3,L
1619,1619,5_1222212201,3,L
1620,1620,6_1222212201,3,L
1628,1628,1_2122212001,3,L
1629,1629,2_2102212001,3,L
1630,1630,3_2022212001,3,L
1631,1631,4_2012212001,3,L
1632,1632,5_2112212001,3,L
1633,1633,6_2102212001,3,L
1634,1634,7_2122212001,3,L
1635,1635,8_2122212001,3,L
1653,1653,6_1111111121,4,L
1654,1654,7_2111111111,4,L
1655,1655,8_1111111111,4,L
1657,1657,12_1111111101,4,L
1658,1658,14_1111111111,4,L
1659,1659,16_1111111111,4,L
1660,1660,17_1111110111,4,L
1661,1661,18_1111111111,4,L
1665,1665,25_1111111111,4,L
1666,1666,28_1111111111,4,L
1667,1667,1_1111101011,5,L
1668,1668,2_1111111111,5,L
1669,1669,3_1111111211,5,L
1670,1670,4_1111111211,5,L
1671,1671,9_1111111111,5,L
1672,1672,10_1111111111,5,L
1673,1673,19_1111111111,5,L
1674,1674,20_1111111111,5,L
1675,1675,21_1111111111,5,L
1676,1676,22_1111111111,5,L
1677,1677,23_1111111111,5,L
1678,1678,24_1111111111,5,L
1684,1684,9_2122212221,2,L
1687,1687,4_0112212221,3,L
1688,1688,5_0112212221,3,L
1690,1690,11_2112212021,3,L
1691,1691,12_2112212221,3,L
1692,1692,1_0112212221,4,L
1693,1693,2_0112212221,4,L
1694,1694,7_0112212221,4,L
1695,1695,8_0112212221,4,L
1701,1701,14_0100000101,2,L
1702,1702,15_0000000101,2,L
1707,1707,3_0100210021,4,L
1711,1711,10_0111211221,4,L
1712,1712,11_0111211221,4,L
1713,1713,12_0111211221,4,L
1714,1714,13_0110211221,4,L
1715,1715,4_2110210001,5,L
1716,1716,5_0110210001,5,L
1717,1717,6_2212211221,5,L
1718,1718,7_2220211021,5,L
1719,1719,8_0212211021,5,L
1720,1720,9_2220211021,5,L
1728,1728,1_2000000021,3,L
1729,1729,2_2000000021,3,L
1734,1734,11_0000212201,3,L
1735,1735,12_0000212201,3,L
1736,1736,3_2100000221,4,L
1737,1737,4_2100000221,4,L
1738,1738,5_2100000221,4,L
1739,1739,6_2100000221,4,L
1740,1740,7_0010012200,4,L
1741,1741,8_0010012200,4,L
1742,1742,9_0000212200,4,L
1743,1743,10_0000212200,4,L
1756,1756,11_2211012221,3,L
1759,1759,1_0111112221,4,L
1760,1760,2_0111112221,4,L
1761,1761,3_0111112221,4,L
1762,1762,4_0111112221,4,L
1763,1763,5_1110012221,4,L
1764,1764,6_1110012021,4,L
1765,1765,7_0110112221,4,L
1766,1766,8_0110112221,4,L
1767,1767,9_2211012221,4,L
1768,1768,10_2211012221,4,L
1769,1769,12_2111010121,4,L
1770,1770,13_2111010121,4,L
1771,1771,14_2111010121,4,L
1772,1772,15_2111010121,4,L
1783,1783,8_0122212200,3,L
1788,1788,1_0122212201,4,L
1789,1789,2_0122212201,4,L
1790,1790,3_0022212201,4,L
1791,1791,4_0022212201,4,L
1792,1792,5_0122210201,4,L
1793,1793,6_0122210201,4,L
1794,1794,9_2112011221,4,L
1795,1795,11_2112111221,4,L
1796,1796,14_2112011221,4,L
1797,1797,15_2112011221,4,L
1799,1799,18_2112010201,4,L
1800,1800,19_2112010201,4,L
1801,1801,20_2112010201,4,L
1802,1802,16_2112010201,5,L
1803,1803,17_2112010201,5,L
1815,1815,15_0120212201,3,L
1816,1816,16_0120212201,3,L
1817,1817,19_0100212201,3,L
1818,1818,20_0120212201,3,L
1821,1821,5_2110111121,4,L
1822,1822,6_2110111121,4,L
1826,1826,13_1112111101,4,L
1827,1827,1_2110111221,5,L
1828,1828,2_2110111221,5,L
1829,1829,3_2110111221,5,L
1830,1830,4_2110111221,5,L
1831,1831,7_1111111101,5,L
1832,1832,8_1110111111,5,L
1833,1833,9_1111111111,5,L
1834,1834,10_1111111111,5,L
1835,1835,11_1111110101,5,L
1836,1836,12_1111110101,5,L
1855,1855,8_2122012221,4,L
1858,1858,15_2110111001,4,L
1864,1864,27_0102111001,4,L
1865,1865,28_0102212001,4,L
1866,1866,29_1100212001,4,L
1867,1867,30_1100211001,4,L
1868,1868,1_2112011221,5,L
1869,1869,2_2112211200,5,L
1870,1870,3_2112211200,5,L
1871,1871,4_2112211200,5,L
1872,1872,5_2122012221,5,L
1873,1873,6_2102012221,5,L
1874,1874,11_2110211221,5,L
1875,1875,12_2110211221,5,L
1876,1876,13_2110011221,5,L
1877,1877,14_2110011221,5,L
1878,1878,17_2110111001,5,L
1879,1879,18_2110111001,5,L
1880,1880,19_2110211021,5,L
1881,1881,20_2122211021,5,L
1882,1882,21_2112211021,5,L
1883,1883,22_2102011021,5,L
1884,1884,23_2112212221,5,L
1885,1885,24_2112212221,5,L
1886,1886,25_0122212221,5,L
1887,1887,26_0122211221,5,L
1895,1895,1_1112111111,3,L
1899,1899,14_1110111121,3,L
1900,1900,15_1110111121,3,L
1903,1903,3_1112111001,4,L
1907,1907,10_1111111001,4,L
1910,1910,25_1111102001,4,L
1913,1913,5_2110111211,5,L
1914,1914,4_1112111111,5,L
1915,1915,6_1111111111,5,L
1916,1916,7_1111111111,5,L
1917,1917,8_2111111111,5,L
1918,1918,9_2111111111,5,L
1919,1919,12_1111110111,5,L
1920,1920,13_2110111001,5,L
1921,1921,22_2100002000,5,L
1922,1922,23_2100000001,5,L
1923,1923,26_1110111121,5,L
1924,1924,27_1112111121,5,L
1927,1927,28_1111112201,6,L
1928,1928,29_1111112201,6,L
1929,1929,30_1111110201,6,L
1930,1930,31_1111112201,6,L
1941,1941,15_2110111211,3,L
1942,1942,23_1111111101,3,L
1943,1943,24_1111111021,3,L
1949,1949,7_1111111101,4,L
1950,1950,13_2110111211,4,L
1951,1951,14_2110111211,4,L
1952,1952,27_1111111000,4,L
1953,1953,28_0102001011,4,L
1954,1954,29_1111111100,4,L
1955,1955,30_2100000000,4,L
1956,1956,1_1111000011,5,L
1957,1957,2_0111111111,5,L
1958,1958,3_1111111111,5,L
1959,1959,4_1111111111,5,L
1960,1960,5_1111111001,5,L
1961,1961,6_1102010010,5,L
